strain,elapsed_time_hr,od_600nm,technical_replicate,growth_medium,date,run_number,identifier,class
∆dpp ∆glt,0.0,0.03040740740740741,1,acetate,2021-08-14,1,GC075,Double KO
∆dpp ∆glt,0.12555555555555564,0.03244444444444444,1,acetate,2021-08-14,1,GC075,Double KO
∆dpp ∆glt,0.2511111111111113,0.035444444444444445,1,acetate,2021-08-14,1,GC075,Double KO
∆dpp ∆glt,0.3766666666666669,0.038370370370370374,1,acetate,2021-08-14,1,GC075,Double KO
∆dpp ∆glt,0.5022222222222217,0.04137037037037038,1,acetate,2021-08-14,1,GC075,Double KO
∆dpp ∆glt,0.6277777777777773,0.04455555555555556,1,acetate,2021-08-14,1,GC075,Double KO
∆dpp ∆glt,0.753333333333333,0.049370370370370384,1,acetate,2021-08-14,1,GC075,Double KO
∆dpp ∆glt,0.8788888888888886,0.05344444444444445,1,acetate,2021-08-14,1,GC075,Double KO
∆dpp ∆glt,1.0044444444444443,0.058370370370370364,1,acetate,2021-08-14,1,GC075,Double KO
∆dpp ∆glt,1.13,0.0634074074074074,1,acetate,2021-08-14,1,GC075,Double KO
∆dpp ∆glt,1.2555555555555555,0.06907407407407405,1,acetate,2021-08-14,1,GC075,Double KO
∆dpp ∆glt,1.3811111111111112,0.07529629629629629,1,acetate,2021-08-14,1,GC075,Double KO
∆dpp ∆glt,1.5066666666666668,0.0822962962962963,1,acetate,2021-08-14,1,GC075,Double KO
∆dpp ∆glt,1.6322222222222225,0.08944444444444445,1,acetate,2021-08-14,1,GC075,Double KO
∆dpp ∆glt,1.7577777777777772,0.09637037037037034,1,acetate,2021-08-14,1,GC075,Double KO
∆dpp ∆glt,1.8833333333333329,0.10325925925925926,1,acetate,2021-08-14,1,GC075,Double KO
∆dpp ∆glt,2.0088888888888885,0.11222222222222221,1,acetate,2021-08-14,1,GC075,Double KO
∆dpp ∆glt,2.134444444444444,0.11944444444444445,1,acetate,2021-08-14,1,GC075,Double KO
∆dpp ∆glt,2.26,0.12837037037037036,1,acetate,2021-08-14,1,GC075,Double KO
∆dpp ∆glt,2.3855555555555554,0.13725925925925925,1,acetate,2021-08-14,1,GC075,Double KO
∆dpp ∆glt,2.511111111111111,0.1452222222222222,1,acetate,2021-08-14,1,GC075,Double KO
∆dpp ∆glt,2.6366666666666667,0.15411111111111114,1,acetate,2021-08-14,1,GC075,Double KO
∆dpp ∆glt,2.7622222222222224,0.16329629629629627,1,acetate,2021-08-14,1,GC075,Double KO
∆dpp ∆glt,2.887777777777778,0.1721111111111111,1,acetate,2021-08-14,1,GC075,Double KO
∆dpp ∆glt,0.0,0.03144444444444444,2,acetate,2021-08-14,1,GC075,Double KO
∆dpp ∆glt,0.12555555555555564,0.03344444444444444,2,acetate,2021-08-14,1,GC075,Double KO
∆dpp ∆glt,0.2511111111111113,0.036370370370370386,2,acetate,2021-08-14,1,GC075,Double KO
∆dpp ∆glt,0.37666666666666604,0.039370370370370375,2,acetate,2021-08-14,1,GC075,Double KO
∆dpp ∆glt,0.5022222222222217,0.042555555555555555,2,acetate,2021-08-14,1,GC075,Double KO
∆dpp ∆glt,0.6277777777777773,0.04637037037037038,2,acetate,2021-08-14,1,GC075,Double KO
∆dpp ∆glt,0.753333333333333,0.050444444444444445,2,acetate,2021-08-14,1,GC075,Double KO
∆dpp ∆glt,0.8788888888888886,0.05537037037037036,2,acetate,2021-08-14,1,GC075,Double KO
∆dpp ∆glt,1.0044444444444443,0.060407407407407424,2,acetate,2021-08-14,1,GC075,Double KO
∆dpp ∆glt,1.13,0.06507407407407405,2,acetate,2021-08-14,1,GC075,Double KO
∆dpp ∆glt,1.2555555555555555,0.07129629629629629,2,acetate,2021-08-14,1,GC075,Double KO
∆dpp ∆glt,1.3811111111111112,0.0772962962962963,2,acetate,2021-08-14,1,GC075,Double KO
∆dpp ∆glt,1.5066666666666668,0.08444444444444445,2,acetate,2021-08-14,1,GC075,Double KO
∆dpp ∆glt,1.6322222222222216,0.09137037037037037,2,acetate,2021-08-14,1,GC075,Double KO
∆dpp ∆glt,1.7577777777777772,0.09825925925925925,2,acetate,2021-08-14,1,GC075,Double KO
∆dpp ∆glt,1.8833333333333329,0.1062222222222222,2,acetate,2021-08-14,1,GC075,Double KO
∆dpp ∆glt,2.0088888888888885,0.11444444444444445,2,acetate,2021-08-14,1,GC075,Double KO
∆dpp ∆glt,2.134444444444444,0.12237037037037037,2,acetate,2021-08-14,1,GC075,Double KO
∆dpp ∆glt,2.26,0.13025925925925924,2,acetate,2021-08-14,1,GC075,Double KO
∆dpp ∆glt,2.3855555555555554,0.1392222222222222,2,acetate,2021-08-14,1,GC075,Double KO
∆dpp ∆glt,2.511111111111111,0.14811111111111114,2,acetate,2021-08-14,1,GC075,Double KO
∆dpp ∆glt,2.6366666666666667,0.15629629629629627,2,acetate,2021-08-14,1,GC075,Double KO
∆dpp ∆glt,2.7622222222222224,0.1651111111111111,2,acetate,2021-08-14,1,GC075,Double KO
∆dpp ∆glt,2.887777777777778,0.17529629629629628,2,acetate,2021-08-14,1,GC075,Double KO
∆dpp ∆glt,0.0,0.03244444444444444,3,acetate,2021-08-14,1,GC075,Double KO
∆dpp ∆glt,0.12555555555555564,0.034444444444444444,3,acetate,2021-08-14,1,GC075,Double KO
∆dpp ∆glt,0.2511111111111113,0.03737037037037039,3,acetate,2021-08-14,1,GC075,Double KO
∆dpp ∆glt,0.37666666666666604,0.040370370370370376,3,acetate,2021-08-14,1,GC075,Double KO
∆dpp ∆glt,0.5022222222222217,0.04455555555555556,3,acetate,2021-08-14,1,GC075,Double KO
∆dpp ∆glt,0.6277777777777773,0.04737037037037038,3,acetate,2021-08-14,1,GC075,Double KO
∆dpp ∆glt,0.753333333333333,0.052444444444444446,3,acetate,2021-08-14,1,GC075,Double KO
∆dpp ∆glt,0.8788888888888886,0.05637037037037036,3,acetate,2021-08-14,1,GC075,Double KO
∆dpp ∆glt,1.0044444444444443,0.0614074074074074,3,acetate,2021-08-14,1,GC075,Double KO
∆dpp ∆glt,1.13,0.06707407407407405,3,acetate,2021-08-14,1,GC075,Double KO
∆dpp ∆glt,1.2555555555555555,0.07329629629629629,3,acetate,2021-08-14,1,GC075,Double KO
∆dpp ∆glt,1.3811111111111112,0.0792962962962963,3,acetate,2021-08-14,1,GC075,Double KO
∆dpp ∆glt,1.5066666666666668,0.08644444444444445,3,acetate,2021-08-14,1,GC075,Double KO
∆dpp ∆glt,1.6322222222222216,0.09337037037037034,3,acetate,2021-08-14,1,GC075,Double KO
∆dpp ∆glt,1.7577777777777772,0.10025925925925926,3,acetate,2021-08-14,1,GC075,Double KO
∆dpp ∆glt,1.8833333333333329,0.1082222222222222,3,acetate,2021-08-14,1,GC075,Double KO
∆dpp ∆glt,2.0088888888888885,0.11644444444444445,3,acetate,2021-08-14,1,GC075,Double KO
∆dpp ∆glt,2.134444444444444,0.12437037037037034,3,acetate,2021-08-14,1,GC075,Double KO
∆dpp ∆glt,2.26,0.13225925925925924,3,acetate,2021-08-14,1,GC075,Double KO
∆dpp ∆glt,2.3855555555555554,0.1412222222222222,3,acetate,2021-08-14,1,GC075,Double KO
∆dpp ∆glt,2.511111111111111,0.15011111111111114,3,acetate,2021-08-14,1,GC075,Double KO
∆dpp ∆glt,2.6366666666666667,0.15929629629629627,3,acetate,2021-08-14,1,GC075,Double KO
∆dpp ∆glt,2.7622222222222224,0.1681111111111111,3,acetate,2021-08-14,1,GC075,Double KO
∆dpp ∆glt,2.887777777777778,0.17729629629629629,3,acetate,2021-08-14,1,GC075,Double KO
∆dpp ∆rbs,0.0,0.030555555555555558,1,acetate,2021-08-14,1,GC100,Double KO
∆dpp ∆rbs,0.12555555555555564,0.03255555555555556,1,acetate,2021-08-14,1,GC100,Double KO
∆dpp ∆rbs,0.2511111111111113,0.034444444444444444,1,acetate,2021-08-14,1,GC100,Double KO
∆dpp ∆rbs,0.3766666666666669,0.036407407407407416,1,acetate,2021-08-14,1,GC100,Double KO
∆dpp ∆rbs,0.5022222222222226,0.039444444444444435,1,acetate,2021-08-14,1,GC100,Double KO
∆dpp ∆rbs,0.6277777777777782,0.04244444444444444,1,acetate,2021-08-14,1,GC100,Double KO
∆dpp ∆rbs,0.7533333333333339,0.04637037037037038,1,acetate,2021-08-14,1,GC100,Double KO
∆dpp ∆rbs,0.8788888888888886,0.04737037037037038,1,acetate,2021-08-14,1,GC100,Double KO
∆dpp ∆rbs,1.0044444444444443,0.052555555555555564,1,acetate,2021-08-14,1,GC100,Double KO
∆dpp ∆rbs,1.13,0.05437037037037039,1,acetate,2021-08-14,1,GC100,Double KO
∆dpp ∆rbs,1.2555555555555555,0.05844444444444445,1,acetate,2021-08-14,1,GC100,Double KO
∆dpp ∆rbs,1.3811111111111112,0.06137037037037034,1,acetate,2021-08-14,1,GC100,Double KO
∆dpp ∆rbs,1.5066666666666668,0.0664074074074074,1,acetate,2021-08-14,1,GC100,Double KO
∆dpp ∆rbs,1.6322222222222225,0.07407407407407406,1,acetate,2021-08-14,1,GC100,Double KO
∆dpp ∆rbs,1.757777777777778,0.07629629629629629,1,acetate,2021-08-14,1,GC100,Double KO
∆dpp ∆rbs,1.8833333333333337,0.0792962962962963,1,acetate,2021-08-14,1,GC100,Double KO
∆dpp ∆rbs,2.0088888888888894,0.08544444444444445,1,acetate,2021-08-14,1,GC100,Double KO
∆dpp ∆rbs,2.134444444444444,0.08937037037037036,1,acetate,2021-08-14,1,GC100,Double KO
∆dpp ∆rbs,2.26,0.09525925925925925,1,acetate,2021-08-14,1,GC100,Double KO
∆dpp ∆rbs,2.3855555555555554,0.1002222222222222,1,acetate,2021-08-14,1,GC100,Double KO
∆dpp ∆rbs,2.511111111111111,0.10744444444444444,1,acetate,2021-08-14,1,GC100,Double KO
∆dpp ∆rbs,2.6366666666666667,0.11037037037037035,1,acetate,2021-08-14,1,GC100,Double KO
∆dpp ∆rbs,2.7622222222222224,0.11225925925925927,1,acetate,2021-08-14,1,GC100,Double KO
∆dpp ∆rbs,2.887777777777778,0.11622222222222221,1,acetate,2021-08-14,1,GC100,Double KO
∆dpp ∆rbs,3.0133333333333336,0.12111111111111113,1,acetate,2021-08-14,1,GC100,Double KO
∆dpp ∆rbs,3.1388888888888893,0.1272962962962963,1,acetate,2021-08-14,1,GC100,Double KO
∆dpp ∆rbs,3.264444444444445,0.13211111111111107,1,acetate,2021-08-14,1,GC100,Double KO
∆dpp ∆rbs,3.3900000000000006,0.1422962962962963,1,acetate,2021-08-14,1,GC100,Double KO
∆dpp ∆rbs,3.515555555555556,0.1541111111111111,1,acetate,2021-08-14,1,GC100,Double KO
∆dpp ∆rbs,3.641111111111112,0.15625925925925926,1,acetate,2021-08-14,1,GC100,Double KO
∆dpp ∆rbs,3.7666666666666675,0.16618518518518516,1,acetate,2021-08-14,1,GC100,Double KO
∆dpp ∆rbs,3.892222222222223,0.17718518518518517,1,acetate,2021-08-14,1,GC100,Double KO
∆dpp ∆rbs,0.0,0.03155555555555556,2,acetate,2021-08-14,1,GC100,Double KO
∆dpp ∆rbs,0.12555555555555564,0.03355555555555556,2,acetate,2021-08-14,1,GC100,Double KO
∆dpp ∆rbs,0.2511111111111113,0.035444444444444445,2,acetate,2021-08-14,1,GC100,Double KO
∆dpp ∆rbs,0.3766666666666669,0.038407407407407404,2,acetate,2021-08-14,1,GC100,Double KO
∆dpp ∆rbs,0.5022222222222226,0.040444444444444436,2,acetate,2021-08-14,1,GC100,Double KO
∆dpp ∆rbs,0.6277777777777782,0.04344444444444444,2,acetate,2021-08-14,1,GC100,Double KO
∆dpp ∆rbs,0.7533333333333339,0.04637037037037038,2,acetate,2021-08-14,1,GC100,Double KO
∆dpp ∆rbs,0.8788888888888886,0.04837037037037038,2,acetate,2021-08-14,1,GC100,Double KO
∆dpp ∆rbs,1.0044444444444443,0.052555555555555564,2,acetate,2021-08-14,1,GC100,Double KO
∆dpp ∆rbs,1.13,0.05437037037037039,2,acetate,2021-08-14,1,GC100,Double KO
∆dpp ∆rbs,1.2555555555555555,0.05844444444444445,2,acetate,2021-08-14,1,GC100,Double KO
∆dpp ∆rbs,1.3811111111111112,0.06137037037037034,2,acetate,2021-08-14,1,GC100,Double KO
∆dpp ∆rbs,1.5066666666666668,0.0664074074074074,2,acetate,2021-08-14,1,GC100,Double KO
∆dpp ∆rbs,1.6322222222222225,0.07407407407407406,2,acetate,2021-08-14,1,GC100,Double KO
∆dpp ∆rbs,1.757777777777778,0.07629629629629629,2,acetate,2021-08-14,1,GC100,Double KO
∆dpp ∆rbs,1.8833333333333337,0.0802962962962963,2,acetate,2021-08-14,1,GC100,Double KO
∆dpp ∆rbs,2.0088888888888894,0.08544444444444445,2,acetate,2021-08-14,1,GC100,Double KO
∆dpp ∆rbs,2.134444444444444,0.09137037037037037,2,acetate,2021-08-14,1,GC100,Double KO
∆dpp ∆rbs,2.26,0.09525925925925925,2,acetate,2021-08-14,1,GC100,Double KO
∆dpp ∆rbs,2.3855555555555554,0.1002222222222222,2,acetate,2021-08-14,1,GC100,Double KO
∆dpp ∆rbs,2.511111111111111,0.10644444444444444,2,acetate,2021-08-14,1,GC100,Double KO
∆dpp ∆rbs,2.6366666666666667,0.11037037037037035,2,acetate,2021-08-14,1,GC100,Double KO
∆dpp ∆rbs,2.7622222222222224,0.11225925925925927,2,acetate,2021-08-14,1,GC100,Double KO
∆dpp ∆rbs,2.887777777777778,0.11722222222222221,2,acetate,2021-08-14,1,GC100,Double KO
∆dpp ∆rbs,3.0133333333333336,0.12211111111111113,2,acetate,2021-08-14,1,GC100,Double KO
∆dpp ∆rbs,3.1388888888888893,0.1282962962962963,2,acetate,2021-08-14,1,GC100,Double KO
∆dpp ∆rbs,3.264444444444445,0.13511111111111107,2,acetate,2021-08-14,1,GC100,Double KO
∆dpp ∆rbs,3.3900000000000006,0.1452962962962963,2,acetate,2021-08-14,1,GC100,Double KO
∆dpp ∆rbs,3.515555555555556,0.15011111111111108,2,acetate,2021-08-14,1,GC100,Double KO
∆dpp ∆rbs,3.641111111111112,0.16025925925925927,2,acetate,2021-08-14,1,GC100,Double KO
∆dpp ∆rbs,3.7666666666666675,0.17118518518518516,2,acetate,2021-08-14,1,GC100,Double KO
∆dpp ∆rbs,0.0,0.030555555555555558,3,acetate,2021-08-14,1,GC100,Double KO
∆dpp ∆rbs,0.12555555555555564,0.03244444444444444,3,acetate,2021-08-14,1,GC100,Double KO
∆dpp ∆rbs,0.2511111111111113,0.034407407407407414,3,acetate,2021-08-14,1,GC100,Double KO
∆dpp ∆rbs,0.3766666666666669,0.03744444444444445,3,acetate,2021-08-14,1,GC100,Double KO
∆dpp ∆rbs,0.5022222222222226,0.040444444444444436,3,acetate,2021-08-14,1,GC100,Double KO
∆dpp ∆rbs,0.6277777777777782,0.04337037037037038,3,acetate,2021-08-14,1,GC100,Double KO
∆dpp ∆rbs,0.753333333333333,0.04637037037037038,3,acetate,2021-08-14,1,GC100,Double KO
∆dpp ∆rbs,0.8788888888888886,0.04955555555555556,3,acetate,2021-08-14,1,GC100,Double KO
∆dpp ∆rbs,1.0044444444444443,0.05237037037037039,3,acetate,2021-08-14,1,GC100,Double KO
∆dpp ∆rbs,1.13,0.05644444444444445,3,acetate,2021-08-14,1,GC100,Double KO
∆dpp ∆rbs,1.2555555555555555,0.060370370370370366,3,acetate,2021-08-14,1,GC100,Double KO
∆dpp ∆rbs,1.3811111111111112,0.0664074074074074,3,acetate,2021-08-14,1,GC100,Double KO
∆dpp ∆rbs,1.5066666666666668,0.07207407407407405,3,acetate,2021-08-14,1,GC100,Double KO
∆dpp ∆rbs,1.6322222222222225,0.07629629629629629,3,acetate,2021-08-14,1,GC100,Double KO
∆dpp ∆rbs,1.757777777777778,0.0802962962962963,3,acetate,2021-08-14,1,GC100,Double KO
∆dpp ∆rbs,1.8833333333333337,0.08344444444444445,3,acetate,2021-08-14,1,GC100,Double KO
∆dpp ∆rbs,2.0088888888888885,0.08837037037037036,3,acetate,2021-08-14,1,GC100,Double KO
∆dpp ∆rbs,2.134444444444444,0.09225925925925925,3,acetate,2021-08-14,1,GC100,Double KO
∆dpp ∆rbs,2.26,0.0972222222222222,3,acetate,2021-08-14,1,GC100,Double KO
∆dpp ∆rbs,2.3855555555555554,0.10144444444444443,3,acetate,2021-08-14,1,GC100,Double KO
∆dpp ∆rbs,2.511111111111111,0.10737037037037035,3,acetate,2021-08-14,1,GC100,Double KO
∆dpp ∆rbs,2.6366666666666667,0.11025925925925927,3,acetate,2021-08-14,1,GC100,Double KO
∆dpp ∆rbs,2.7622222222222224,0.11622222222222221,3,acetate,2021-08-14,1,GC100,Double KO
∆dpp ∆rbs,2.887777777777778,0.12211111111111113,3,acetate,2021-08-14,1,GC100,Double KO
∆dpp ∆rbs,3.0133333333333336,0.1262962962962963,3,acetate,2021-08-14,1,GC100,Double KO
∆dpp ∆rbs,3.1388888888888893,0.13111111111111107,3,acetate,2021-08-14,1,GC100,Double KO
∆dpp ∆rbs,3.264444444444445,0.1402962962962963,3,acetate,2021-08-14,1,GC100,Double KO
∆dpp ∆rbs,3.3900000000000006,0.15111111111111108,3,acetate,2021-08-14,1,GC100,Double KO
∆dpp ∆rbs,3.515555555555556,0.15525925925925926,3,acetate,2021-08-14,1,GC100,Double KO
∆dpp ∆rbs,3.641111111111112,0.16618518518518516,3,acetate,2021-08-14,1,GC100,Double KO
∆dpp ∆rbs,3.7666666666666675,0.17718518518518517,3,acetate,2021-08-14,1,GC100,Double KO
∆flh ∆glt,0.0,0.03144444444444444,1,acetate,2021-08-14,1,GC069,Double KO
∆flh ∆glt,0.12555555555555564,0.03248148148148147,1,acetate,2021-08-14,1,GC069,Double KO
∆flh ∆glt,0.2511111111111104,0.035481481481481475,1,acetate,2021-08-14,1,GC069,Double KO
∆flh ∆glt,0.37666666666666604,0.03740740740740742,1,acetate,2021-08-14,1,GC069,Double KO
∆flh ∆glt,0.5022222222222217,0.039444444444444435,1,acetate,2021-08-14,1,GC069,Double KO
∆flh ∆glt,0.6277777777777773,0.04244444444444444,1,acetate,2021-08-14,1,GC069,Double KO
∆flh ∆glt,0.753333333333333,0.04555555555555556,1,acetate,2021-08-14,1,GC069,Double KO
∆flh ∆glt,0.8788888888888886,0.04855555555555556,1,acetate,2021-08-14,1,GC069,Double KO
∆flh ∆glt,1.0044444444444443,0.050444444444444445,1,acetate,2021-08-14,1,GC069,Double KO
∆flh ∆glt,1.13,0.05340740740740742,1,acetate,2021-08-14,1,GC069,Double KO
∆flh ∆glt,1.2555555555555555,0.05644444444444445,1,acetate,2021-08-14,1,GC069,Double KO
∆flh ∆glt,1.3811111111111112,0.06144444444444443,1,acetate,2021-08-14,1,GC069,Double KO
∆flh ∆glt,1.5066666666666668,0.06437037037037037,1,acetate,2021-08-14,1,GC069,Double KO
∆flh ∆glt,1.6322222222222216,0.06837037037037037,1,acetate,2021-08-14,1,GC069,Double KO
∆flh ∆glt,1.7577777777777772,0.07555555555555556,1,acetate,2021-08-14,1,GC069,Double KO
∆flh ∆glt,1.8833333333333329,0.07937037037037038,1,acetate,2021-08-14,1,GC069,Double KO
∆flh ∆glt,2.0088888888888885,0.08644444444444445,1,acetate,2021-08-14,1,GC069,Double KO
∆flh ∆glt,2.134444444444444,0.08937037037037036,1,acetate,2021-08-14,1,GC069,Double KO
∆flh ∆glt,2.26,0.0944074074074074,1,acetate,2021-08-14,1,GC069,Double KO
∆flh ∆glt,2.3855555555555554,0.10307407407407405,1,acetate,2021-08-14,1,GC069,Double KO
∆flh ∆glt,2.511111111111111,0.1082962962962963,1,acetate,2021-08-14,1,GC069,Double KO
∆flh ∆glt,2.6366666666666667,0.1142962962962963,1,acetate,2021-08-14,1,GC069,Double KO
∆flh ∆glt,2.7622222222222224,0.11944444444444445,1,acetate,2021-08-14,1,GC069,Double KO
∆flh ∆glt,2.887777777777777,0.12637037037037036,1,acetate,2021-08-14,1,GC069,Double KO
∆flh ∆glt,3.0133333333333328,0.12825925925925924,1,acetate,2021-08-14,1,GC069,Double KO
∆flh ∆glt,3.1388888888888884,0.13222222222222219,1,acetate,2021-08-14,1,GC069,Double KO
∆flh ∆glt,3.264444444444444,0.13744444444444442,1,acetate,2021-08-14,1,GC069,Double KO
∆flh ∆glt,3.3899999999999997,0.14337037037037037,1,acetate,2021-08-14,1,GC069,Double KO
∆flh ∆glt,3.5155555555555553,0.14925925925925926,1,acetate,2021-08-14,1,GC069,Double KO
∆flh ∆glt,3.641111111111111,0.1582222222222222,1,acetate,2021-08-14,1,GC069,Double KO
∆flh ∆glt,3.7666666666666666,0.1631111111111111,1,acetate,2021-08-14,1,GC069,Double KO
∆flh ∆glt,3.8922222222222222,0.16929629629629628,1,acetate,2021-08-14,1,GC069,Double KO
∆flh ∆glt,4.017777777777778,0.1771111111111111,1,acetate,2021-08-14,1,GC069,Double KO
∆flh ∆glt,0.0,0.03148148148148147,2,acetate,2021-08-14,1,GC069,Double KO
∆flh ∆glt,0.12555555555555564,0.03340740740740741,2,acetate,2021-08-14,1,GC069,Double KO
∆flh ∆glt,0.2511111111111113,0.036444444444444446,2,acetate,2021-08-14,1,GC069,Double KO
∆flh ∆glt,0.3766666666666669,0.038444444444444434,2,acetate,2021-08-14,1,GC069,Double KO
∆flh ∆glt,0.5022222222222226,0.041555555555555554,2,acetate,2021-08-14,1,GC069,Double KO
∆flh ∆glt,0.6277777777777782,0.04455555555555556,2,acetate,2021-08-14,1,GC069,Double KO
∆flh ∆glt,0.7533333333333339,0.04644444444444444,2,acetate,2021-08-14,1,GC069,Double KO
∆flh ∆glt,0.8788888888888895,0.049407407407407414,2,acetate,2021-08-14,1,GC069,Double KO
∆flh ∆glt,1.0044444444444451,0.052444444444444446,2,acetate,2021-08-14,1,GC069,Double KO
∆flh ∆glt,1.1300000000000008,0.05744444444444445,2,acetate,2021-08-14,1,GC069,Double KO
∆flh ∆glt,1.2555555555555564,0.060370370370370394,2,acetate,2021-08-14,1,GC069,Double KO
∆flh ∆glt,1.3811111111111112,0.06437037037037037,2,acetate,2021-08-14,1,GC069,Double KO
∆flh ∆glt,1.5066666666666668,0.06955555555555555,2,acetate,2021-08-14,1,GC069,Double KO
∆flh ∆glt,1.6322222222222225,0.07437037037037038,2,acetate,2021-08-14,1,GC069,Double KO
∆flh ∆glt,1.757777777777778,0.08044444444444444,2,acetate,2021-08-14,1,GC069,Double KO
∆flh ∆glt,1.8833333333333337,0.08537037037037036,2,acetate,2021-08-14,1,GC069,Double KO
∆flh ∆glt,2.0088888888888894,0.09040740740740742,2,acetate,2021-08-14,1,GC069,Double KO
∆flh ∆glt,2.134444444444445,0.09807407407407405,2,acetate,2021-08-14,1,GC069,Double KO
∆flh ∆glt,2.2600000000000007,0.10229629629629629,2,acetate,2021-08-14,1,GC069,Double KO
∆flh ∆glt,2.3855555555555563,0.1082962962962963,2,acetate,2021-08-14,1,GC069,Double KO
∆flh ∆glt,2.511111111111112,0.11344444444444444,2,acetate,2021-08-14,1,GC069,Double KO
∆flh ∆glt,2.6366666666666667,0.11937037037037036,2,acetate,2021-08-14,1,GC069,Double KO
∆flh ∆glt,2.7622222222222224,0.12225925925925928,2,acetate,2021-08-14,1,GC069,Double KO
∆flh ∆glt,2.887777777777778,0.12522222222222218,2,acetate,2021-08-14,1,GC069,Double KO
∆flh ∆glt,3.0133333333333336,0.13044444444444442,2,acetate,2021-08-14,1,GC069,Double KO
∆flh ∆glt,3.1388888888888893,0.13837037037037037,2,acetate,2021-08-14,1,GC069,Double KO
∆flh ∆glt,3.264444444444445,0.14525925925925925,2,acetate,2021-08-14,1,GC069,Double KO
∆flh ∆glt,3.3900000000000006,0.1532222222222222,2,acetate,2021-08-14,1,GC069,Double KO
∆flh ∆glt,3.515555555555556,0.1601111111111111,2,acetate,2021-08-14,1,GC069,Double KO
∆flh ∆glt,3.641111111111112,0.16629629629629628,2,acetate,2021-08-14,1,GC069,Double KO
∆flh ∆glt,3.7666666666666675,0.1731111111111111,2,acetate,2021-08-14,1,GC069,Double KO
∆flh ∆glt,3.892222222222223,0.1792962962962963,2,acetate,2021-08-14,1,GC069,Double KO
∆flh ∆glt,0.0,0.03148148148148147,3,acetate,2021-08-14,1,GC069,Double KO
∆flh ∆glt,0.12555555555555475,0.03348148148148147,3,acetate,2021-08-14,1,GC069,Double KO
∆flh ∆glt,0.2511111111111104,0.035407407407407415,3,acetate,2021-08-14,1,GC069,Double KO
∆flh ∆glt,0.37666666666666604,0.038444444444444434,3,acetate,2021-08-14,1,GC069,Double KO
∆flh ∆glt,0.5022222222222217,0.040444444444444436,3,acetate,2021-08-14,1,GC069,Double KO
∆flh ∆glt,0.6277777777777773,0.043555555555555556,3,acetate,2021-08-14,1,GC069,Double KO
∆flh ∆glt,0.753333333333333,0.04655555555555556,3,acetate,2021-08-14,1,GC069,Double KO
∆flh ∆glt,0.8788888888888886,0.049444444444444444,3,acetate,2021-08-14,1,GC069,Double KO
∆flh ∆glt,1.0044444444444443,0.052407407407407416,3,acetate,2021-08-14,1,GC069,Double KO
∆flh ∆glt,1.13,0.05644444444444445,3,acetate,2021-08-14,1,GC069,Double KO
∆flh ∆glt,1.2555555555555555,0.05944444444444445,3,acetate,2021-08-14,1,GC069,Double KO
∆flh ∆glt,1.3811111111111112,0.06337037037037037,3,acetate,2021-08-14,1,GC069,Double KO
∆flh ∆glt,1.506666666666666,0.06737037037037037,3,acetate,2021-08-14,1,GC069,Double KO
∆flh ∆glt,1.6322222222222216,0.07255555555555555,3,acetate,2021-08-14,1,GC069,Double KO
∆flh ∆glt,1.7577777777777772,0.07737037037037038,3,acetate,2021-08-14,1,GC069,Double KO
∆flh ∆glt,1.8833333333333329,0.08444444444444445,3,acetate,2021-08-14,1,GC069,Double KO
∆flh ∆glt,2.0088888888888885,0.08837037037037036,3,acetate,2021-08-14,1,GC069,Double KO
∆flh ∆glt,2.134444444444444,0.0934074074074074,3,acetate,2021-08-14,1,GC069,Double KO
∆flh ∆glt,2.26,0.10307407407407405,3,acetate,2021-08-14,1,GC069,Double KO
∆flh ∆glt,2.3855555555555554,0.10629629629629629,3,acetate,2021-08-14,1,GC069,Double KO
∆flh ∆glt,2.511111111111111,0.1112962962962963,3,acetate,2021-08-14,1,GC069,Double KO
∆flh ∆glt,2.6366666666666667,0.11644444444444445,3,acetate,2021-08-14,1,GC069,Double KO
∆flh ∆glt,2.7622222222222215,0.12137037037037036,3,acetate,2021-08-14,1,GC069,Double KO
∆flh ∆glt,2.887777777777777,0.12325925925925928,3,acetate,2021-08-14,1,GC069,Double KO
∆flh ∆glt,3.0133333333333328,0.12822222222222218,3,acetate,2021-08-14,1,GC069,Double KO
∆flh ∆glt,3.1388888888888884,0.13344444444444442,3,acetate,2021-08-14,1,GC069,Double KO
∆flh ∆glt,3.264444444444444,0.14137037037037037,3,acetate,2021-08-14,1,GC069,Double KO
∆flh ∆glt,3.3899999999999997,0.14825925925925926,3,acetate,2021-08-14,1,GC069,Double KO
∆flh ∆glt,3.5155555555555553,0.1562222222222222,3,acetate,2021-08-14,1,GC069,Double KO
∆flh ∆glt,3.641111111111111,0.1631111111111111,3,acetate,2021-08-14,1,GC069,Double KO
∆flh ∆glt,3.7666666666666666,0.16929629629629628,3,acetate,2021-08-14,1,GC069,Double KO
∆flh ∆glt,3.8922222222222222,0.1781111111111111,3,acetate,2021-08-14,1,GC069,Double KO
∆flh ∆rbs,0.0,0.03155555555555556,1,acetate,2021-08-14,1,GC106,Double KO
∆flh ∆rbs,0.12555555555555564,0.034444444444444444,1,acetate,2021-08-14,1,GC106,Double KO
∆flh ∆rbs,0.2511111111111113,0.036407407407407416,1,acetate,2021-08-14,1,GC106,Double KO
∆flh ∆rbs,0.3766666666666669,0.039444444444444435,1,acetate,2021-08-14,1,GC106,Double KO
∆flh ∆rbs,0.5022222222222226,0.04144444444444444,1,acetate,2021-08-14,1,GC106,Double KO
∆flh ∆rbs,0.6277777777777782,0.04437037037037038,1,acetate,2021-08-14,1,GC106,Double KO
∆flh ∆rbs,0.753333333333333,0.04737037037037038,1,acetate,2021-08-14,1,GC106,Double KO
∆flh ∆rbs,0.8788888888888886,0.05155555555555556,1,acetate,2021-08-14,1,GC106,Double KO
∆flh ∆rbs,1.0044444444444443,0.05337037037037039,1,acetate,2021-08-14,1,GC106,Double KO
∆flh ∆rbs,1.13,0.05844444444444445,1,acetate,2021-08-14,1,GC106,Double KO
∆flh ∆rbs,1.2555555555555555,0.06137037037037034,1,acetate,2021-08-14,1,GC106,Double KO
∆flh ∆rbs,1.3811111111111112,0.0644074074074074,1,acetate,2021-08-14,1,GC106,Double KO
∆flh ∆rbs,1.5066666666666668,0.07207407407407405,1,acetate,2021-08-14,1,GC106,Double KO
∆flh ∆rbs,1.6322222222222225,0.07529629629629629,1,acetate,2021-08-14,1,GC106,Double KO
∆flh ∆rbs,1.757777777777778,0.0802962962962963,1,acetate,2021-08-14,1,GC106,Double KO
∆flh ∆rbs,1.8833333333333337,0.08344444444444445,1,acetate,2021-08-14,1,GC106,Double KO
∆flh ∆rbs,2.0088888888888885,0.09037037037037036,1,acetate,2021-08-14,1,GC106,Double KO
∆flh ∆rbs,2.134444444444444,0.09625925925925925,1,acetate,2021-08-14,1,GC106,Double KO
∆flh ∆rbs,2.26,0.0992222222222222,1,acetate,2021-08-14,1,GC106,Double KO
∆flh ∆rbs,2.3855555555555554,0.10444444444444444,1,acetate,2021-08-14,1,GC106,Double KO
∆flh ∆rbs,2.511111111111111,0.10937037037037035,1,acetate,2021-08-14,1,GC106,Double KO
∆flh ∆rbs,2.6366666666666667,0.11325925925925927,1,acetate,2021-08-14,1,GC106,Double KO
∆flh ∆rbs,2.7622222222222224,0.12022222222222222,1,acetate,2021-08-14,1,GC106,Double KO
∆flh ∆rbs,2.887777777777778,0.12511111111111112,1,acetate,2021-08-14,1,GC106,Double KO
∆flh ∆rbs,3.0133333333333336,0.1302962962962963,1,acetate,2021-08-14,1,GC106,Double KO
∆flh ∆rbs,3.1388888888888893,0.13711111111111107,1,acetate,2021-08-14,1,GC106,Double KO
∆flh ∆rbs,3.264444444444445,0.1432962962962963,1,acetate,2021-08-14,1,GC106,Double KO
∆flh ∆rbs,3.3900000000000006,0.15211111111111109,1,acetate,2021-08-14,1,GC106,Double KO
∆flh ∆rbs,3.515555555555556,0.15925925925925927,1,acetate,2021-08-14,1,GC106,Double KO
∆flh ∆rbs,3.641111111111112,0.16718518518518516,1,acetate,2021-08-14,1,GC106,Double KO
∆flh ∆rbs,3.7666666666666675,0.17318518518518516,1,acetate,2021-08-14,1,GC106,Double KO
∆flh ∆rbs,0.0,0.03155555555555556,2,acetate,2021-08-14,1,GC106,Double KO
∆flh ∆rbs,0.12555555555555564,0.03255555555555556,2,acetate,2021-08-14,1,GC106,Double KO
∆flh ∆rbs,0.2511111111111113,0.035444444444444445,2,acetate,2021-08-14,1,GC106,Double KO
∆flh ∆rbs,0.3766666666666669,0.03740740740740742,2,acetate,2021-08-14,1,GC106,Double KO
∆flh ∆rbs,0.5022222222222226,0.040444444444444436,2,acetate,2021-08-14,1,GC106,Double KO
∆flh ∆rbs,0.6277777777777782,0.04244444444444444,2,acetate,2021-08-14,1,GC106,Double KO
∆flh ∆rbs,0.7533333333333339,0.04637037037037038,2,acetate,2021-08-14,1,GC106,Double KO
∆flh ∆rbs,0.8788888888888886,0.04837037037037038,2,acetate,2021-08-14,1,GC106,Double KO
∆flh ∆rbs,1.0044444444444443,0.052555555555555564,2,acetate,2021-08-14,1,GC106,Double KO
∆flh ∆rbs,1.13,0.05437037037037039,2,acetate,2021-08-14,1,GC106,Double KO
∆flh ∆rbs,1.2555555555555555,0.05844444444444445,2,acetate,2021-08-14,1,GC106,Double KO
∆flh ∆rbs,1.3811111111111112,0.06137037037037034,2,acetate,2021-08-14,1,GC106,Double KO
∆flh ∆rbs,1.5066666666666668,0.0664074074074074,2,acetate,2021-08-14,1,GC106,Double KO
∆flh ∆rbs,1.6322222222222225,0.07407407407407406,2,acetate,2021-08-14,1,GC106,Double KO
∆flh ∆rbs,1.757777777777778,0.07629629629629629,2,acetate,2021-08-14,1,GC106,Double KO
∆flh ∆rbs,1.8833333333333337,0.0812962962962963,2,acetate,2021-08-14,1,GC106,Double KO
∆flh ∆rbs,2.0088888888888894,0.08644444444444445,2,acetate,2021-08-14,1,GC106,Double KO
∆flh ∆rbs,2.134444444444444,0.09137037037037037,2,acetate,2021-08-14,1,GC106,Double KO
∆flh ∆rbs,2.26,0.09525925925925925,2,acetate,2021-08-14,1,GC106,Double KO
∆flh ∆rbs,2.3855555555555554,0.0982222222222222,2,acetate,2021-08-14,1,GC106,Double KO
∆flh ∆rbs,2.511111111111111,0.10344444444444444,2,acetate,2021-08-14,1,GC106,Double KO
∆flh ∆rbs,2.6366666666666667,0.10937037037037035,2,acetate,2021-08-14,1,GC106,Double KO
∆flh ∆rbs,2.7622222222222224,0.11425925925925927,2,acetate,2021-08-14,1,GC106,Double KO
∆flh ∆rbs,2.887777777777778,0.12122222222222222,2,acetate,2021-08-14,1,GC106,Double KO
∆flh ∆rbs,3.0133333333333336,0.12811111111111112,2,acetate,2021-08-14,1,GC106,Double KO
∆flh ∆rbs,3.1388888888888893,0.1382962962962963,2,acetate,2021-08-14,1,GC106,Double KO
∆flh ∆rbs,3.264444444444445,0.14311111111111108,2,acetate,2021-08-14,1,GC106,Double KO
∆flh ∆rbs,3.3900000000000006,0.1452962962962963,2,acetate,2021-08-14,1,GC106,Double KO
∆flh ∆rbs,3.515555555555556,0.15011111111111108,2,acetate,2021-08-14,1,GC106,Double KO
∆flh ∆rbs,3.641111111111112,0.15825925925925927,2,acetate,2021-08-14,1,GC106,Double KO
∆flh ∆rbs,3.7666666666666675,0.16318518518518516,2,acetate,2021-08-14,1,GC106,Double KO
∆flh ∆rbs,3.892222222222223,0.17418518518518517,2,acetate,2021-08-14,1,GC106,Double KO
∆flh ∆rbs,4.017777777777777,0.17922222222222223,2,acetate,2021-08-14,1,GC106,Double KO
∆flh ∆rbs,0.0,0.03155555555555556,3,acetate,2021-08-14,1,GC106,Double KO
∆flh ∆rbs,0.12555555555555564,0.03344444444444444,3,acetate,2021-08-14,1,GC106,Double KO
∆flh ∆rbs,0.2511111111111113,0.036407407407407416,3,acetate,2021-08-14,1,GC106,Double KO
∆flh ∆rbs,0.3766666666666669,0.038444444444444434,3,acetate,2021-08-14,1,GC106,Double KO
∆flh ∆rbs,0.5022222222222226,0.04144444444444444,3,acetate,2021-08-14,1,GC106,Double KO
∆flh ∆rbs,0.6277777777777782,0.04437037037037038,3,acetate,2021-08-14,1,GC106,Double KO
∆flh ∆rbs,0.753333333333333,0.04737037037037038,3,acetate,2021-08-14,1,GC106,Double KO
∆flh ∆rbs,0.8788888888888886,0.05055555555555556,3,acetate,2021-08-14,1,GC106,Double KO
∆flh ∆rbs,1.0044444444444443,0.05337037037037039,3,acetate,2021-08-14,1,GC106,Double KO
∆flh ∆rbs,1.13,0.05744444444444445,3,acetate,2021-08-14,1,GC106,Double KO
∆flh ∆rbs,1.2555555555555555,0.060370370370370366,3,acetate,2021-08-14,1,GC106,Double KO
∆flh ∆rbs,1.3811111111111112,0.0644074074074074,3,acetate,2021-08-14,1,GC106,Double KO
∆flh ∆rbs,1.5066666666666668,0.07207407407407405,3,acetate,2021-08-14,1,GC106,Double KO
∆flh ∆rbs,1.6322222222222225,0.07329629629629629,3,acetate,2021-08-14,1,GC106,Double KO
∆flh ∆rbs,1.757777777777778,0.0782962962962963,3,acetate,2021-08-14,1,GC106,Double KO
∆flh ∆rbs,1.8833333333333337,0.08344444444444445,3,acetate,2021-08-14,1,GC106,Double KO
∆flh ∆rbs,2.0088888888888885,0.08637037037037036,3,acetate,2021-08-14,1,GC106,Double KO
∆flh ∆rbs,2.134444444444444,0.09025925925925928,3,acetate,2021-08-14,1,GC106,Double KO
∆flh ∆rbs,2.26,0.0962222222222222,3,acetate,2021-08-14,1,GC106,Double KO
∆flh ∆rbs,2.3855555555555554,0.10244444444444444,3,acetate,2021-08-14,1,GC106,Double KO
∆flh ∆rbs,2.511111111111111,0.11037037037037035,3,acetate,2021-08-14,1,GC106,Double KO
∆flh ∆rbs,2.6366666666666667,0.12025925925925927,3,acetate,2021-08-14,1,GC106,Double KO
∆flh ∆rbs,2.7622222222222224,0.12422222222222219,3,acetate,2021-08-14,1,GC106,Double KO
∆flh ∆rbs,2.887777777777778,0.12611111111111112,3,acetate,2021-08-14,1,GC106,Double KO
∆flh ∆rbs,3.0133333333333336,0.1302962962962963,3,acetate,2021-08-14,1,GC106,Double KO
∆flh ∆rbs,3.1388888888888893,0.13411111111111107,3,acetate,2021-08-14,1,GC106,Double KO
∆flh ∆rbs,3.264444444444445,0.1412962962962963,3,acetate,2021-08-14,1,GC106,Double KO
∆flh ∆rbs,3.3900000000000006,0.14711111111111108,3,acetate,2021-08-14,1,GC106,Double KO
∆flh ∆rbs,3.515555555555556,0.15425925925925926,3,acetate,2021-08-14,1,GC106,Double KO
∆flh ∆rbs,3.641111111111112,0.16618518518518516,3,acetate,2021-08-14,1,GC106,Double KO
∆flh ∆rbs,3.7666666666666675,0.17018518518518516,3,acetate,2021-08-14,1,GC106,Double KO
∆flh ∆rbs,3.8922222222222214,0.17922222222222223,3,acetate,2021-08-14,1,GC106,Double KO
∆his ∆glt,0.0,0.03044444444444444,1,acetate,2021-08-14,1,GC074,Double KO
∆his ∆glt,0.12555555555555564,0.033370370370370356,1,acetate,2021-08-14,1,GC074,Double KO
∆his ∆glt,0.2511111111111113,0.035407407407407415,1,acetate,2021-08-14,1,GC074,Double KO
∆his ∆glt,0.3766666666666669,0.03807407407407405,1,acetate,2021-08-14,1,GC074,Double KO
∆his ∆glt,0.5022222222222226,0.04129629629629629,1,acetate,2021-08-14,1,GC074,Double KO
∆his ∆glt,0.6277777777777782,0.04529629629629629,1,acetate,2021-08-14,1,GC074,Double KO
∆his ∆glt,0.7533333333333339,0.049444444444444444,1,acetate,2021-08-14,1,GC074,Double KO
∆his ∆glt,0.8788888888888886,0.05437037037037036,1,acetate,2021-08-14,1,GC074,Double KO
∆his ∆glt,1.0044444444444443,0.059259259259259275,1,acetate,2021-08-14,1,GC074,Double KO
∆his ∆glt,1.13,0.0632222222222222,1,acetate,2021-08-14,1,GC074,Double KO
∆his ∆glt,1.2555555555555555,0.06944444444444443,1,acetate,2021-08-14,1,GC074,Double KO
∆his ∆glt,1.3811111111111112,0.07537037037037035,1,acetate,2021-08-14,1,GC074,Double KO
∆his ∆glt,1.5066666666666668,0.08225925925925927,1,acetate,2021-08-14,1,GC074,Double KO
∆his ∆glt,1.6322222222222225,0.08822222222222222,1,acetate,2021-08-14,1,GC074,Double KO
∆his ∆glt,1.757777777777778,0.0951111111111111,1,acetate,2021-08-14,1,GC074,Double KO
∆his ∆glt,1.8833333333333337,0.10229629629629629,1,acetate,2021-08-14,1,GC074,Double KO
∆his ∆glt,2.0088888888888894,0.11011111111111109,1,acetate,2021-08-14,1,GC074,Double KO
∆his ∆glt,2.134444444444445,0.1172962962962963,1,acetate,2021-08-14,1,GC074,Double KO
∆his ∆glt,2.2600000000000007,0.12511111111111106,1,acetate,2021-08-14,1,GC074,Double KO
∆his ∆glt,2.3855555555555563,0.13325925925925924,1,acetate,2021-08-14,1,GC074,Double KO
∆his ∆glt,2.511111111111112,0.1421851851851852,1,acetate,2021-08-14,1,GC074,Double KO
∆his ∆glt,2.6366666666666676,0.1501851851851852,1,acetate,2021-08-14,1,GC074,Double KO
∆his ∆glt,2.7622222222222215,0.1592222222222222,1,acetate,2021-08-14,1,GC074,Double KO
∆his ∆glt,2.887777777777777,0.1681111111111111,1,acetate,2021-08-14,1,GC074,Double KO
∆his ∆glt,3.0133333333333328,0.17707407407407405,1,acetate,2021-08-14,1,GC074,Double KO
∆his ∆glt,0.0,0.04337037037037038,2,acetate,2021-08-14,1,GC074,Double KO
∆his ∆glt,0.3766666666666669,0.03044444444444444,2,acetate,2021-08-14,1,GC074,Double KO
∆his ∆glt,0.5022222222222226,0.032370370370370355,2,acetate,2021-08-14,1,GC074,Double KO
∆his ∆glt,0.6277777777777782,0.035407407407407415,2,acetate,2021-08-14,1,GC074,Double KO
∆his ∆glt,0.7533333333333339,0.03807407407407405,2,acetate,2021-08-14,1,GC074,Double KO
∆his ∆glt,0.8788888888888895,0.04129629629629629,2,acetate,2021-08-14,1,GC074,Double KO
∆his ∆glt,1.0044444444444451,0.04529629629629629,2,acetate,2021-08-14,1,GC074,Double KO
∆his ∆glt,1.1300000000000008,0.049444444444444444,2,acetate,2021-08-14,1,GC074,Double KO
∆his ∆glt,1.2555555555555555,0.05337037037037036,2,acetate,2021-08-14,1,GC074,Double KO
∆his ∆glt,1.3811111111111112,0.058259259259259275,2,acetate,2021-08-14,1,GC074,Double KO
∆his ∆glt,1.5066666666666668,0.0642222222222222,2,acetate,2021-08-14,1,GC074,Double KO
∆his ∆glt,1.6322222222222225,0.06944444444444443,2,acetate,2021-08-14,1,GC074,Double KO
∆his ∆glt,1.757777777777778,0.07537037037037035,2,acetate,2021-08-14,1,GC074,Double KO
∆his ∆glt,1.8833333333333337,0.08125925925925927,2,acetate,2021-08-14,1,GC074,Double KO
∆his ∆glt,2.0088888888888894,0.08722222222222221,2,acetate,2021-08-14,1,GC074,Double KO
∆his ∆glt,2.134444444444445,0.0941111111111111,2,acetate,2021-08-14,1,GC074,Double KO
∆his ∆glt,2.2600000000000007,0.10129629629629629,2,acetate,2021-08-14,1,GC074,Double KO
∆his ∆glt,2.3855555555555563,0.10911111111111109,2,acetate,2021-08-14,1,GC074,Double KO
∆his ∆glt,2.511111111111112,0.1162962962962963,2,acetate,2021-08-14,1,GC074,Double KO
∆his ∆glt,2.6366666666666676,0.12411111111111107,2,acetate,2021-08-14,1,GC074,Double KO
∆his ∆glt,2.7622222222222232,0.13225925925925924,2,acetate,2021-08-14,1,GC074,Double KO
∆his ∆glt,2.887777777777779,0.1411851851851852,2,acetate,2021-08-14,1,GC074,Double KO
∆his ∆glt,3.0133333333333345,0.1491851851851852,2,acetate,2021-08-14,1,GC074,Double KO
∆his ∆glt,3.1388888888888884,0.1582222222222222,2,acetate,2021-08-14,1,GC074,Double KO
∆his ∆glt,3.264444444444444,0.1671111111111111,2,acetate,2021-08-14,1,GC074,Double KO
∆his ∆glt,3.3899999999999997,0.17607407407407405,2,acetate,2021-08-14,1,GC074,Double KO
∆his ∆glt,0.0,0.03044444444444444,3,acetate,2021-08-14,1,GC074,Double KO
∆his ∆glt,0.12555555555555564,0.033370370370370356,3,acetate,2021-08-14,1,GC074,Double KO
∆his ∆glt,0.2511111111111113,0.036407407407407416,3,acetate,2021-08-14,1,GC074,Double KO
∆his ∆glt,0.3766666666666669,0.03907407407407405,3,acetate,2021-08-14,1,GC074,Double KO
∆his ∆glt,0.5022222222222226,0.04229629629629629,3,acetate,2021-08-14,1,GC074,Double KO
∆his ∆glt,0.6277777777777782,0.04529629629629629,3,acetate,2021-08-14,1,GC074,Double KO
∆his ∆glt,0.7533333333333339,0.050444444444444445,3,acetate,2021-08-14,1,GC074,Double KO
∆his ∆glt,0.8788888888888886,0.05437037037037036,3,acetate,2021-08-14,1,GC074,Double KO
∆his ∆glt,1.0044444444444443,0.059259259259259275,3,acetate,2021-08-14,1,GC074,Double KO
∆his ∆glt,1.13,0.0642222222222222,3,acetate,2021-08-14,1,GC074,Double KO
∆his ∆glt,1.2555555555555555,0.07044444444444443,3,acetate,2021-08-14,1,GC074,Double KO
∆his ∆glt,1.3811111111111112,0.07637037037037035,3,acetate,2021-08-14,1,GC074,Double KO
∆his ∆glt,1.5066666666666668,0.08325925925925927,3,acetate,2021-08-14,1,GC074,Double KO
∆his ∆glt,1.6322222222222225,0.09022222222222222,3,acetate,2021-08-14,1,GC074,Double KO
∆his ∆glt,1.757777777777778,0.0961111111111111,3,acetate,2021-08-14,1,GC074,Double KO
∆his ∆glt,1.8833333333333337,0.10329629629629629,3,acetate,2021-08-14,1,GC074,Double KO
∆his ∆glt,2.0088888888888894,0.11111111111111109,3,acetate,2021-08-14,1,GC074,Double KO
∆his ∆glt,2.134444444444445,0.1192962962962963,3,acetate,2021-08-14,1,GC074,Double KO
∆his ∆glt,2.2600000000000007,0.12711111111111106,3,acetate,2021-08-14,1,GC074,Double KO
∆his ∆glt,2.3855555555555563,0.13525925925925925,3,acetate,2021-08-14,1,GC074,Double KO
∆his ∆glt,2.511111111111112,0.1441851851851852,3,acetate,2021-08-14,1,GC074,Double KO
∆his ∆glt,2.6366666666666676,0.1521851851851852,3,acetate,2021-08-14,1,GC074,Double KO
∆his ∆glt,2.7622222222222215,0.1612222222222222,3,acetate,2021-08-14,1,GC074,Double KO
∆his ∆glt,2.887777777777777,0.1701111111111111,3,acetate,2021-08-14,1,GC074,Double KO
∆his ∆glt,3.0133333333333328,0.17907407407407405,3,acetate,2021-08-14,1,GC074,Double KO
∆mal ∆glt,0.0,0.031370370370370354,1,acetate,2021-08-14,1,GC084,Double KO
∆mal ∆glt,0.12555555555555564,0.034407407407407414,1,acetate,2021-08-14,1,GC084,Double KO
∆mal ∆glt,0.2511111111111113,0.03807407407407405,1,acetate,2021-08-14,1,GC084,Double KO
∆mal ∆glt,0.3766666666666669,0.04229629629629629,1,acetate,2021-08-14,1,GC084,Double KO
∆mal ∆glt,0.5022222222222226,0.046296296296296294,1,acetate,2021-08-14,1,GC084,Double KO
∆mal ∆glt,0.6277777777777782,0.051444444444444445,1,acetate,2021-08-14,1,GC084,Double KO
∆mal ∆glt,0.753333333333333,0.05637037037037036,1,acetate,2021-08-14,1,GC084,Double KO
∆mal ∆glt,0.8788888888888886,0.06225925925925925,1,acetate,2021-08-14,1,GC084,Double KO
∆mal ∆glt,1.0044444444444443,0.0672222222222222,1,acetate,2021-08-14,1,GC084,Double KO
∆mal ∆glt,1.13,0.07244444444444444,1,acetate,2021-08-14,1,GC084,Double KO
∆mal ∆glt,1.2555555555555555,0.07937037037037036,1,acetate,2021-08-14,1,GC084,Double KO
∆mal ∆glt,1.3811111111111112,0.08525925925925927,1,acetate,2021-08-14,1,GC084,Double KO
∆mal ∆glt,1.5066666666666668,0.09122222222222222,1,acetate,2021-08-14,1,GC084,Double KO
∆mal ∆glt,1.6322222222222225,0.09811111111111111,1,acetate,2021-08-14,1,GC084,Double KO
∆mal ∆glt,1.757777777777778,0.10529629629629629,1,acetate,2021-08-14,1,GC084,Double KO
∆mal ∆glt,1.8833333333333337,0.11311111111111109,1,acetate,2021-08-14,1,GC084,Double KO
∆mal ∆glt,2.0088888888888894,0.1202962962962963,1,acetate,2021-08-14,1,GC084,Double KO
∆mal ∆glt,2.134444444444445,0.12811111111111106,1,acetate,2021-08-14,1,GC084,Double KO
∆mal ∆glt,2.2600000000000007,0.13625925925925925,1,acetate,2021-08-14,1,GC084,Double KO
∆mal ∆glt,2.3855555555555563,0.1441851851851852,1,acetate,2021-08-14,1,GC084,Double KO
∆mal ∆glt,2.511111111111112,0.1521851851851852,1,acetate,2021-08-14,1,GC084,Double KO
∆mal ∆glt,2.636666666666666,0.1612222222222222,1,acetate,2021-08-14,1,GC084,Double KO
∆mal ∆glt,2.7622222222222215,0.1691111111111111,1,acetate,2021-08-14,1,GC084,Double KO
∆mal ∆glt,2.887777777777777,0.17907407407407405,1,acetate,2021-08-14,1,GC084,Double KO
∆mal ∆glt,0.0,0.03044444444444444,2,acetate,2021-08-14,1,GC084,Double KO
∆mal ∆glt,0.12555555555555564,0.032370370370370355,2,acetate,2021-08-14,1,GC084,Double KO
∆mal ∆glt,0.2511111111111113,0.035407407407407415,2,acetate,2021-08-14,1,GC084,Double KO
∆mal ∆glt,0.3766666666666669,0.03807407407407405,2,acetate,2021-08-14,1,GC084,Double KO
∆mal ∆glt,0.5022222222222226,0.04229629629629629,2,acetate,2021-08-14,1,GC084,Double KO
∆mal ∆glt,0.6277777777777782,0.04529629629629629,2,acetate,2021-08-14,1,GC084,Double KO
∆mal ∆glt,0.7533333333333339,0.050444444444444445,2,acetate,2021-08-14,1,GC084,Double KO
∆mal ∆glt,0.8788888888888886,0.05537037037037036,2,acetate,2021-08-14,1,GC084,Double KO
∆mal ∆glt,1.0044444444444443,0.059259259259259275,2,acetate,2021-08-14,1,GC084,Double KO
∆mal ∆glt,1.13,0.0652222222222222,2,acetate,2021-08-14,1,GC084,Double KO
∆mal ∆glt,1.2555555555555555,0.07044444444444443,2,acetate,2021-08-14,1,GC084,Double KO
∆mal ∆glt,1.3811111111111112,0.07637037037037035,2,acetate,2021-08-14,1,GC084,Double KO
∆mal ∆glt,1.5066666666666668,0.08325925925925927,2,acetate,2021-08-14,1,GC084,Double KO
∆mal ∆glt,1.6322222222222225,0.08922222222222222,2,acetate,2021-08-14,1,GC084,Double KO
∆mal ∆glt,1.757777777777778,0.0961111111111111,2,acetate,2021-08-14,1,GC084,Double KO
∆mal ∆glt,1.8833333333333337,0.10329629629629629,2,acetate,2021-08-14,1,GC084,Double KO
∆mal ∆glt,2.0088888888888894,0.11011111111111109,2,acetate,2021-08-14,1,GC084,Double KO
∆mal ∆glt,2.134444444444445,0.1182962962962963,2,acetate,2021-08-14,1,GC084,Double KO
∆mal ∆glt,2.2600000000000007,0.12611111111111106,2,acetate,2021-08-14,1,GC084,Double KO
∆mal ∆glt,2.3855555555555563,0.13425925925925924,2,acetate,2021-08-14,1,GC084,Double KO
∆mal ∆glt,2.511111111111112,0.1421851851851852,2,acetate,2021-08-14,1,GC084,Double KO
∆mal ∆glt,2.6366666666666676,0.1511851851851852,2,acetate,2021-08-14,1,GC084,Double KO
∆mal ∆glt,2.7622222222222215,0.1592222222222222,2,acetate,2021-08-14,1,GC084,Double KO
∆mal ∆glt,2.887777777777777,0.1681111111111111,2,acetate,2021-08-14,1,GC084,Double KO
∆mal ∆glt,3.0133333333333328,0.17707407407407405,2,acetate,2021-08-14,1,GC084,Double KO
∆mal ∆glt,0.0,0.032370370370370355,3,acetate,2021-08-14,1,GC084,Double KO
∆mal ∆glt,0.12555555555555564,0.035407407407407415,3,acetate,2021-08-14,1,GC084,Double KO
∆mal ∆glt,0.2511111111111113,0.03807407407407405,3,acetate,2021-08-14,1,GC084,Double KO
∆mal ∆glt,0.3766666666666669,0.04229629629629629,3,acetate,2021-08-14,1,GC084,Double KO
∆mal ∆glt,0.5022222222222226,0.046296296296296294,3,acetate,2021-08-14,1,GC084,Double KO
∆mal ∆glt,0.6277777777777782,0.050444444444444445,3,acetate,2021-08-14,1,GC084,Double KO
∆mal ∆glt,0.753333333333333,0.05537037037037036,3,acetate,2021-08-14,1,GC084,Double KO
∆mal ∆glt,0.8788888888888886,0.06125925925925925,3,acetate,2021-08-14,1,GC084,Double KO
∆mal ∆glt,1.0044444444444443,0.0662222222222222,3,acetate,2021-08-14,1,GC084,Double KO
∆mal ∆glt,1.13,0.07244444444444444,3,acetate,2021-08-14,1,GC084,Double KO
∆mal ∆glt,1.2555555555555555,0.07837037037037035,3,acetate,2021-08-14,1,GC084,Double KO
∆mal ∆glt,1.3811111111111112,0.08425925925925927,3,acetate,2021-08-14,1,GC084,Double KO
∆mal ∆glt,1.5066666666666668,0.09122222222222222,3,acetate,2021-08-14,1,GC084,Double KO
∆mal ∆glt,1.6322222222222225,0.09811111111111111,3,acetate,2021-08-14,1,GC084,Double KO
∆mal ∆glt,1.757777777777778,0.10529629629629629,3,acetate,2021-08-14,1,GC084,Double KO
∆mal ∆glt,1.8833333333333337,0.11311111111111109,3,acetate,2021-08-14,1,GC084,Double KO
∆mal ∆glt,2.0088888888888894,0.1202962962962963,3,acetate,2021-08-14,1,GC084,Double KO
∆mal ∆glt,2.134444444444445,0.12811111111111106,3,acetate,2021-08-14,1,GC084,Double KO
∆mal ∆glt,2.2600000000000007,0.13625925925925925,3,acetate,2021-08-14,1,GC084,Double KO
∆mal ∆glt,2.3855555555555563,0.1451851851851852,3,acetate,2021-08-14,1,GC084,Double KO
∆mal ∆glt,2.511111111111112,0.1531851851851852,3,acetate,2021-08-14,1,GC084,Double KO
∆mal ∆glt,2.636666666666666,0.1622222222222222,3,acetate,2021-08-14,1,GC084,Double KO
∆mal ∆glt,2.7622222222222215,0.1711111111111111,3,acetate,2021-08-14,1,GC084,Double KO
∆mgl ∆glt,0.0,0.030222222222222206,1,acetate,2021-08-14,1,GC065,Double KO
∆mgl ∆glt,0.12555555555555564,0.03311111111111112,1,acetate,2021-08-14,1,GC065,Double KO
∆mgl ∆glt,0.2511111111111113,0.0362962962962963,1,acetate,2021-08-14,1,GC065,Double KO
∆mgl ∆glt,0.3766666666666669,0.040111111111111084,1,acetate,2021-08-14,1,GC065,Double KO
∆mgl ∆glt,0.5022222222222226,0.04329629629629629,1,acetate,2021-08-14,1,GC065,Double KO
∆mgl ∆glt,0.6277777777777782,0.04711111111111109,1,acetate,2021-08-14,1,GC065,Double KO
∆mgl ∆glt,0.7533333333333339,0.05225925925925927,1,acetate,2021-08-14,1,GC065,Double KO
∆mgl ∆glt,0.8788888888888895,0.057185185185185186,1,acetate,2021-08-14,1,GC065,Double KO
∆mgl ∆glt,1.0044444444444451,0.06218518518518516,1,acetate,2021-08-14,1,GC065,Double KO
∆mgl ∆glt,1.129999999999999,0.0672222222222222,1,acetate,2021-08-14,1,GC065,Double KO
∆mgl ∆glt,1.2555555555555546,0.07311111111111111,1,acetate,2021-08-14,1,GC065,Double KO
∆mgl ∆glt,1.3811111111111103,0.07907407407407406,1,acetate,2021-08-14,1,GC065,Double KO
∆mgl ∆glt,1.506666666666666,0.08522222222222221,1,acetate,2021-08-14,1,GC065,Double KO
∆mgl ∆glt,1.6322222222222216,0.09114814814814816,1,acetate,2021-08-14,1,GC065,Double KO
∆mgl ∆glt,1.7577777777777772,0.09807407407407405,1,acetate,2021-08-14,1,GC065,Double KO
∆mgl ∆glt,1.8833333333333329,0.10514814814814813,1,acetate,2021-08-14,1,GC065,Double KO
∆mgl ∆glt,2.0088888888888885,0.112,1,acetate,2021-08-14,1,GC065,Double KO
∆mgl ∆glt,2.134444444444444,0.12011111111111113,1,acetate,2021-08-14,1,GC065,Double KO
∆mgl ∆glt,2.26,0.127037037037037,1,acetate,2021-08-14,1,GC065,Double KO
∆mgl ∆glt,2.3855555555555554,0.13511111111111113,1,acetate,2021-08-14,1,GC065,Double KO
∆mgl ∆glt,2.511111111111111,0.14307407407407408,1,acetate,2021-08-14,1,GC065,Double KO
∆mgl ∆glt,2.6366666666666667,0.15214814814814814,1,acetate,2021-08-14,1,GC065,Double KO
∆mgl ∆glt,2.7622222222222224,0.16007407407407404,1,acetate,2021-08-14,1,GC065,Double KO
∆mgl ∆glt,2.887777777777778,0.16807407407407404,1,acetate,2021-08-14,1,GC065,Double KO
∆mgl ∆glt,3.0133333333333336,0.17507407407407405,1,acetate,2021-08-14,1,GC065,Double KO
∆mgl ∆glt,0.0,0.030222222222222206,2,acetate,2021-08-14,1,GC065,Double KO
∆mgl ∆glt,0.12555555555555564,0.03211111111111112,2,acetate,2021-08-14,1,GC065,Double KO
∆mgl ∆glt,0.2511111111111113,0.0352962962962963,2,acetate,2021-08-14,1,GC065,Double KO
∆mgl ∆glt,0.3766666666666669,0.03911111111111108,2,acetate,2021-08-14,1,GC065,Double KO
∆mgl ∆glt,0.5022222222222226,0.04329629629629629,2,acetate,2021-08-14,1,GC065,Double KO
∆mgl ∆glt,0.6277777777777782,0.04711111111111109,2,acetate,2021-08-14,1,GC065,Double KO
∆mgl ∆glt,0.7533333333333339,0.05225925925925927,2,acetate,2021-08-14,1,GC065,Double KO
∆mgl ∆glt,0.8788888888888895,0.056185185185185185,2,acetate,2021-08-14,1,GC065,Double KO
∆mgl ∆glt,1.0044444444444451,0.06218518518518516,2,acetate,2021-08-14,1,GC065,Double KO
∆mgl ∆glt,1.129999999999999,0.0672222222222222,2,acetate,2021-08-14,1,GC065,Double KO
∆mgl ∆glt,1.2555555555555546,0.07311111111111111,2,acetate,2021-08-14,1,GC065,Double KO
∆mgl ∆glt,1.3811111111111103,0.07907407407407406,2,acetate,2021-08-14,1,GC065,Double KO
∆mgl ∆glt,1.506666666666666,0.08522222222222221,2,acetate,2021-08-14,1,GC065,Double KO
∆mgl ∆glt,1.6322222222222216,0.09214814814814813,2,acetate,2021-08-14,1,GC065,Double KO
∆mgl ∆glt,1.7577777777777772,0.09807407407407405,2,acetate,2021-08-14,1,GC065,Double KO
∆mgl ∆glt,1.8833333333333329,0.10514814814814813,2,acetate,2021-08-14,1,GC065,Double KO
∆mgl ∆glt,2.0088888888888885,0.112,2,acetate,2021-08-14,1,GC065,Double KO
∆mgl ∆glt,2.134444444444444,0.11911111111111113,2,acetate,2021-08-14,1,GC065,Double KO
∆mgl ∆glt,2.26,0.127037037037037,2,acetate,2021-08-14,1,GC065,Double KO
∆mgl ∆glt,2.3855555555555554,0.13511111111111113,2,acetate,2021-08-14,1,GC065,Double KO
∆mgl ∆glt,2.511111111111111,0.14307407407407408,2,acetate,2021-08-14,1,GC065,Double KO
∆mgl ∆glt,2.6366666666666667,0.15114814814814814,2,acetate,2021-08-14,1,GC065,Double KO
∆mgl ∆glt,2.7622222222222224,0.16007407407407404,2,acetate,2021-08-14,1,GC065,Double KO
∆mgl ∆glt,2.887777777777778,0.16907407407407404,2,acetate,2021-08-14,1,GC065,Double KO
∆mgl ∆glt,3.0133333333333336,0.17707407407407405,2,acetate,2021-08-14,1,GC065,Double KO
∆mgl ∆glt,0.0,0.031259259259259264,3,acetate,2021-08-14,1,GC065,Double KO
∆mgl ∆glt,0.12555555555555564,0.03322222222222221,3,acetate,2021-08-14,1,GC065,Double KO
∆mgl ∆glt,0.2511111111111113,0.03611111111111112,3,acetate,2021-08-14,1,GC065,Double KO
∆mgl ∆glt,0.3766666666666669,0.03929629629629629,3,acetate,2021-08-14,1,GC065,Double KO
∆mgl ∆glt,0.5022222222222226,0.042111111111111085,3,acetate,2021-08-14,1,GC065,Double KO
∆mgl ∆glt,0.6277777777777782,0.046296296296296294,3,acetate,2021-08-14,1,GC065,Double KO
∆mgl ∆glt,0.7533333333333339,0.05111111111111109,3,acetate,2021-08-14,1,GC065,Double KO
∆mgl ∆glt,0.8788888888888895,0.05525925925925927,3,acetate,2021-08-14,1,GC065,Double KO
∆mgl ∆glt,1.0044444444444451,0.06018518518518519,3,acetate,2021-08-14,1,GC065,Double KO
∆mgl ∆glt,1.1300000000000008,0.06518518518518517,3,acetate,2021-08-14,1,GC065,Double KO
∆mgl ∆glt,1.2555555555555546,0.0712222222222222,3,acetate,2021-08-14,1,GC065,Double KO
∆mgl ∆glt,1.3811111111111103,0.07711111111111112,3,acetate,2021-08-14,1,GC065,Double KO
∆mgl ∆glt,1.506666666666666,0.08307407407407406,3,acetate,2021-08-14,1,GC065,Double KO
∆mgl ∆glt,1.6322222222222216,0.08822222222222222,3,acetate,2021-08-14,1,GC065,Double KO
∆mgl ∆glt,1.7577777777777772,0.09514814814814813,3,acetate,2021-08-14,1,GC065,Double KO
∆mgl ∆glt,1.8833333333333329,0.10107407407407405,3,acetate,2021-08-14,1,GC065,Double KO
∆mgl ∆glt,2.0088888888888885,0.10914814814814813,3,acetate,2021-08-14,1,GC065,Double KO
∆mgl ∆glt,2.134444444444444,0.116,3,acetate,2021-08-14,1,GC065,Double KO
∆mgl ∆glt,2.26,0.12311111111111113,3,acetate,2021-08-14,1,GC065,Double KO
∆mgl ∆glt,2.3855555555555554,0.131037037037037,3,acetate,2021-08-14,1,GC065,Double KO
∆mgl ∆glt,2.511111111111111,0.13911111111111113,3,acetate,2021-08-14,1,GC065,Double KO
∆mgl ∆glt,2.6366666666666667,0.14707407407407408,3,acetate,2021-08-14,1,GC065,Double KO
∆mgl ∆glt,2.7622222222222224,0.15514814814814815,3,acetate,2021-08-14,1,GC065,Double KO
∆mgl ∆glt,2.887777777777778,0.16407407407407404,3,acetate,2021-08-14,1,GC065,Double KO
∆mgl ∆glt,3.0133333333333336,0.17207407407407405,3,acetate,2021-08-14,1,GC065,Double KO
∆nmp ∆glt,0.0,0.03144444444444444,1,acetate,2021-08-14,1,GC098,Double KO
∆nmp ∆glt,0.12555555555555564,0.03437037037037036,1,acetate,2021-08-14,1,GC098,Double KO
∆nmp ∆glt,0.2511111111111113,0.03740740740740742,1,acetate,2021-08-14,1,GC098,Double KO
∆nmp ∆glt,0.3766666666666669,0.040074074074074054,1,acetate,2021-08-14,1,GC098,Double KO
∆nmp ∆glt,0.5022222222222226,0.04429629629629629,1,acetate,2021-08-14,1,GC098,Double KO
∆nmp ∆glt,0.6277777777777782,0.048296296296296296,1,acetate,2021-08-14,1,GC098,Double KO
∆nmp ∆glt,0.7533333333333339,0.05344444444444445,1,acetate,2021-08-14,1,GC098,Double KO
∆nmp ∆glt,0.8788888888888886,0.058370370370370364,1,acetate,2021-08-14,1,GC098,Double KO
∆nmp ∆glt,1.0044444444444443,0.06325925925925925,1,acetate,2021-08-14,1,GC098,Double KO
∆nmp ∆glt,1.13,0.0692222222222222,1,acetate,2021-08-14,1,GC098,Double KO
∆nmp ∆glt,1.2555555555555555,0.07544444444444444,1,acetate,2021-08-14,1,GC098,Double KO
∆nmp ∆glt,1.3811111111111112,0.08237037037037036,1,acetate,2021-08-14,1,GC098,Double KO
∆nmp ∆glt,1.5066666666666668,0.08925925925925927,1,acetate,2021-08-14,1,GC098,Double KO
∆nmp ∆glt,1.6322222222222225,0.0962222222222222,1,acetate,2021-08-14,1,GC098,Double KO
∆nmp ∆glt,1.757777777777778,0.10311111111111111,1,acetate,2021-08-14,1,GC098,Double KO
∆nmp ∆glt,1.8833333333333337,0.1112962962962963,1,acetate,2021-08-14,1,GC098,Double KO
∆nmp ∆glt,2.0088888888888894,0.1191111111111111,1,acetate,2021-08-14,1,GC098,Double KO
∆nmp ∆glt,2.134444444444445,0.1272962962962963,1,acetate,2021-08-14,1,GC098,Double KO
∆nmp ∆glt,2.2600000000000007,0.13511111111111107,1,acetate,2021-08-14,1,GC098,Double KO
∆nmp ∆glt,2.3855555555555563,0.14425925925925925,1,acetate,2021-08-14,1,GC098,Double KO
∆nmp ∆glt,2.511111111111112,0.1531851851851852,1,acetate,2021-08-14,1,GC098,Double KO
∆nmp ∆glt,2.6366666666666676,0.16218518518518515,1,acetate,2021-08-14,1,GC098,Double KO
∆nmp ∆glt,2.7622222222222215,0.17122222222222222,1,acetate,2021-08-14,1,GC098,Double KO
∆nmp ∆glt,0.0,0.03037037037037038,2,acetate,2021-08-14,1,GC098,Double KO
∆nmp ∆glt,0.12555555555555564,0.03344444444444444,2,acetate,2021-08-14,1,GC098,Double KO
∆nmp ∆glt,0.2511111111111113,0.03537037037037036,2,acetate,2021-08-14,1,GC098,Double KO
∆nmp ∆glt,0.3766666666666669,0.038407407407407404,2,acetate,2021-08-14,1,GC098,Double KO
∆nmp ∆glt,0.5022222222222226,0.042074074074074055,2,acetate,2021-08-14,1,GC098,Double KO
∆nmp ∆glt,0.6277777777777782,0.04529629629629629,2,acetate,2021-08-14,1,GC098,Double KO
∆nmp ∆glt,0.7533333333333339,0.049296296296296296,2,acetate,2021-08-14,1,GC098,Double KO
∆nmp ∆glt,0.8788888888888895,0.05344444444444445,2,acetate,2021-08-14,1,GC098,Double KO
∆nmp ∆glt,1.0044444444444443,0.058370370370370364,2,acetate,2021-08-14,1,GC098,Double KO
∆nmp ∆glt,1.13,0.06325925925925925,2,acetate,2021-08-14,1,GC098,Double KO
∆nmp ∆glt,1.2555555555555555,0.0692222222222222,2,acetate,2021-08-14,1,GC098,Double KO
∆nmp ∆glt,1.3811111111111112,0.07444444444444444,2,acetate,2021-08-14,1,GC098,Double KO
∆nmp ∆glt,1.5066666666666668,0.08137037037037036,2,acetate,2021-08-14,1,GC098,Double KO
∆nmp ∆glt,1.6322222222222225,0.08825925925925927,2,acetate,2021-08-14,1,GC098,Double KO
∆nmp ∆glt,1.757777777777778,0.0942222222222222,2,acetate,2021-08-14,1,GC098,Double KO
∆nmp ∆glt,1.8833333333333337,0.10211111111111111,2,acetate,2021-08-14,1,GC098,Double KO
∆nmp ∆glt,2.0088888888888894,0.1102962962962963,2,acetate,2021-08-14,1,GC098,Double KO
∆nmp ∆glt,2.134444444444445,0.1181111111111111,2,acetate,2021-08-14,1,GC098,Double KO
∆nmp ∆glt,2.2600000000000007,0.1252962962962963,2,acetate,2021-08-14,1,GC098,Double KO
∆nmp ∆glt,2.3855555555555563,0.13411111111111107,2,acetate,2021-08-14,1,GC098,Double KO
∆nmp ∆glt,2.511111111111112,0.14325925925925925,2,acetate,2021-08-14,1,GC098,Double KO
∆nmp ∆glt,2.6366666666666676,0.1511851851851852,2,acetate,2021-08-14,1,GC098,Double KO
∆nmp ∆glt,2.7622222222222232,0.16018518518518515,2,acetate,2021-08-14,1,GC098,Double KO
∆nmp ∆glt,2.887777777777777,0.16922222222222222,2,acetate,2021-08-14,1,GC098,Double KO
∆nmp ∆glt,3.0133333333333328,0.1791111111111111,2,acetate,2021-08-14,1,GC098,Double KO
∆nmp ∆glt,0.0,0.030555555555555558,3,acetate,2021-08-14,1,GC098,Double KO
∆nmp ∆glt,0.12555555555555564,0.03237037037037038,3,acetate,2021-08-14,1,GC098,Double KO
∆nmp ∆glt,0.2511111111111113,0.034444444444444444,3,acetate,2021-08-14,1,GC098,Double KO
∆nmp ∆glt,0.3766666666666669,0.03737037037037036,3,acetate,2021-08-14,1,GC098,Double KO
∆nmp ∆glt,0.5022222222222226,0.040407407407407406,3,acetate,2021-08-14,1,GC098,Double KO
∆nmp ∆glt,0.6277777777777782,0.043074074074074056,3,acetate,2021-08-14,1,GC098,Double KO
∆nmp ∆glt,0.7533333333333339,0.047296296296296295,3,acetate,2021-08-14,1,GC098,Double KO
∆nmp ∆glt,0.8788888888888895,0.0502962962962963,3,acetate,2021-08-14,1,GC098,Double KO
∆nmp ∆glt,1.0044444444444451,0.05544444444444445,3,acetate,2021-08-14,1,GC098,Double KO
∆nmp ∆glt,1.13,0.060370370370370366,3,acetate,2021-08-14,1,GC098,Double KO
∆nmp ∆glt,1.2555555555555555,0.06525925925925925,3,acetate,2021-08-14,1,GC098,Double KO
∆nmp ∆glt,1.3811111111111112,0.0712222222222222,3,acetate,2021-08-14,1,GC098,Double KO
∆nmp ∆glt,1.5066666666666668,0.07644444444444444,3,acetate,2021-08-14,1,GC098,Double KO
∆nmp ∆glt,1.6322222222222225,0.08337037037037036,3,acetate,2021-08-14,1,GC098,Double KO
∆nmp ∆glt,1.757777777777778,0.09025925925925928,3,acetate,2021-08-14,1,GC098,Double KO
∆nmp ∆glt,1.8833333333333337,0.0962222222222222,3,acetate,2021-08-14,1,GC098,Double KO
∆nmp ∆glt,2.0088888888888894,0.10411111111111111,3,acetate,2021-08-14,1,GC098,Double KO
∆nmp ∆glt,2.134444444444445,0.1112962962962963,3,acetate,2021-08-14,1,GC098,Double KO
∆nmp ∆glt,2.2600000000000007,0.1191111111111111,3,acetate,2021-08-14,1,GC098,Double KO
∆nmp ∆glt,2.3855555555555563,0.1272962962962963,3,acetate,2021-08-14,1,GC098,Double KO
∆nmp ∆glt,2.511111111111112,0.13611111111111107,3,acetate,2021-08-14,1,GC098,Double KO
∆nmp ∆glt,2.6366666666666676,0.14425925925925925,3,acetate,2021-08-14,1,GC098,Double KO
∆nmp ∆glt,2.7622222222222232,0.1531851851851852,3,acetate,2021-08-14,1,GC098,Double KO
∆nmp ∆glt,2.887777777777779,0.16218518518518515,3,acetate,2021-08-14,1,GC098,Double KO
∆nmp ∆glt,3.0133333333333328,0.17222222222222222,3,acetate,2021-08-14,1,GC098,Double KO
∆opp ∆glt,0.0,0.03244444444444444,1,acetate,2021-08-14,1,GC070,Double KO
∆opp ∆glt,0.12555555555555564,0.03537037037037036,1,acetate,2021-08-14,1,GC070,Double KO
∆opp ∆glt,0.2511111111111113,0.038407407407407404,1,acetate,2021-08-14,1,GC070,Double KO
∆opp ∆glt,0.3766666666666669,0.041074074074074055,1,acetate,2021-08-14,1,GC070,Double KO
∆opp ∆glt,0.5022222222222226,0.04529629629629629,1,acetate,2021-08-14,1,GC070,Double KO
∆opp ∆glt,0.6277777777777782,0.049296296296296296,1,acetate,2021-08-14,1,GC070,Double KO
∆opp ∆glt,0.7533333333333339,0.05444444444444445,1,acetate,2021-08-14,1,GC070,Double KO
∆opp ∆glt,0.8788888888888886,0.060370370370370366,1,acetate,2021-08-14,1,GC070,Double KO
∆opp ∆glt,1.0044444444444443,0.06525925925925925,1,acetate,2021-08-14,1,GC070,Double KO
∆opp ∆glt,1.13,0.0712222222222222,1,acetate,2021-08-14,1,GC070,Double KO
∆opp ∆glt,1.2555555555555555,0.07744444444444444,1,acetate,2021-08-14,1,GC070,Double KO
∆opp ∆glt,1.3811111111111112,0.08437037037037036,1,acetate,2021-08-14,1,GC070,Double KO
∆opp ∆glt,1.5066666666666668,0.09125925925925928,1,acetate,2021-08-14,1,GC070,Double KO
∆opp ∆glt,1.6322222222222225,0.0992222222222222,1,acetate,2021-08-14,1,GC070,Double KO
∆opp ∆glt,1.757777777777778,0.10611111111111111,1,acetate,2021-08-14,1,GC070,Double KO
∆opp ∆glt,1.8833333333333337,0.1142962962962963,1,acetate,2021-08-14,1,GC070,Double KO
∆opp ∆glt,2.0088888888888894,0.1221111111111111,1,acetate,2021-08-14,1,GC070,Double KO
∆opp ∆glt,2.134444444444445,0.1302962962962963,1,acetate,2021-08-14,1,GC070,Double KO
∆opp ∆glt,2.2600000000000007,0.13911111111111107,1,acetate,2021-08-14,1,GC070,Double KO
∆opp ∆glt,2.3855555555555563,0.14725925925925926,1,acetate,2021-08-14,1,GC070,Double KO
∆opp ∆glt,2.511111111111112,0.15618518518518515,1,acetate,2021-08-14,1,GC070,Double KO
∆opp ∆glt,2.6366666666666676,0.16518518518518516,1,acetate,2021-08-14,1,GC070,Double KO
∆opp ∆glt,2.7622222222222215,0.17422222222222222,1,acetate,2021-08-14,1,GC070,Double KO
∆opp ∆glt,0.0,0.030555555555555558,2,acetate,2021-08-14,1,GC070,Double KO
∆opp ∆glt,0.12555555555555564,0.03237037037037038,2,acetate,2021-08-14,1,GC070,Double KO
∆opp ∆glt,0.2511111111111113,0.035444444444444445,2,acetate,2021-08-14,1,GC070,Double KO
∆opp ∆glt,0.3766666666666669,0.038370370370370346,2,acetate,2021-08-14,1,GC070,Double KO
∆opp ∆glt,0.5022222222222226,0.04140740740740741,2,acetate,2021-08-14,1,GC070,Double KO
∆opp ∆glt,0.6277777777777782,0.04407407407407406,2,acetate,2021-08-14,1,GC070,Double KO
∆opp ∆glt,0.7533333333333339,0.048296296296296296,2,acetate,2021-08-14,1,GC070,Double KO
∆opp ∆glt,0.8788888888888895,0.0522962962962963,2,acetate,2021-08-14,1,GC070,Double KO
∆opp ∆glt,1.0044444444444451,0.05744444444444445,2,acetate,2021-08-14,1,GC070,Double KO
∆opp ∆glt,1.13,0.06237037037037034,2,acetate,2021-08-14,1,GC070,Double KO
∆opp ∆glt,1.2555555555555555,0.06825925925925926,2,acetate,2021-08-14,1,GC070,Double KO
∆opp ∆glt,1.3811111111111112,0.0742222222222222,2,acetate,2021-08-14,1,GC070,Double KO
∆opp ∆glt,1.5066666666666668,0.08044444444444444,2,acetate,2021-08-14,1,GC070,Double KO
∆opp ∆glt,1.6322222222222225,0.08737037037037036,2,acetate,2021-08-14,1,GC070,Double KO
∆opp ∆glt,1.757777777777778,0.09425925925925925,2,acetate,2021-08-14,1,GC070,Double KO
∆opp ∆glt,1.8833333333333337,0.1012222222222222,2,acetate,2021-08-14,1,GC070,Double KO
∆opp ∆glt,2.0088888888888894,0.10911111111111112,2,acetate,2021-08-14,1,GC070,Double KO
∆opp ∆glt,2.134444444444445,0.1172962962962963,2,acetate,2021-08-14,1,GC070,Double KO
∆opp ∆glt,2.2600000000000007,0.12511111111111106,2,acetate,2021-08-14,1,GC070,Double KO
∆opp ∆glt,2.3855555555555563,0.1332962962962963,2,acetate,2021-08-14,1,GC070,Double KO
∆opp ∆glt,2.511111111111112,0.14111111111111108,2,acetate,2021-08-14,1,GC070,Double KO
∆opp ∆glt,2.6366666666666676,0.15125925925925926,2,acetate,2021-08-14,1,GC070,Double KO
∆opp ∆glt,2.7622222222222232,0.16018518518518515,2,acetate,2021-08-14,1,GC070,Double KO
∆opp ∆glt,2.887777777777779,0.16818518518518516,2,acetate,2021-08-14,1,GC070,Double KO
∆opp ∆glt,3.0133333333333328,0.17722222222222223,2,acetate,2021-08-14,1,GC070,Double KO
∆opp ∆glt,0.0,0.03037037037037038,3,acetate,2021-08-14,1,GC070,Double KO
∆opp ∆glt,0.12555555555555564,0.03255555555555556,3,acetate,2021-08-14,1,GC070,Double KO
∆opp ∆glt,0.2511111111111113,0.034370370370370384,3,acetate,2021-08-14,1,GC070,Double KO
∆opp ∆glt,0.3766666666666669,0.03744444444444445,3,acetate,2021-08-14,1,GC070,Double KO
∆opp ∆glt,0.5022222222222226,0.04037037037037035,3,acetate,2021-08-14,1,GC070,Double KO
∆opp ∆glt,0.6277777777777782,0.04340740740740741,3,acetate,2021-08-14,1,GC070,Double KO
∆opp ∆glt,0.7533333333333339,0.04707407407407406,3,acetate,2021-08-14,1,GC070,Double KO
∆opp ∆glt,0.8788888888888895,0.0512962962962963,3,acetate,2021-08-14,1,GC070,Double KO
∆opp ∆glt,1.0044444444444451,0.0552962962962963,3,acetate,2021-08-14,1,GC070,Double KO
∆opp ∆glt,1.1300000000000008,0.06044444444444445,3,acetate,2021-08-14,1,GC070,Double KO
∆opp ∆glt,1.2555555555555555,0.06537037037037034,3,acetate,2021-08-14,1,GC070,Double KO
∆opp ∆glt,1.3811111111111112,0.07025925925925926,3,acetate,2021-08-14,1,GC070,Double KO
∆opp ∆glt,1.5066666666666668,0.0772222222222222,3,acetate,2021-08-14,1,GC070,Double KO
∆opp ∆glt,1.6322222222222225,0.08344444444444445,3,acetate,2021-08-14,1,GC070,Double KO
∆opp ∆glt,1.757777777777778,0.08937037037037036,3,acetate,2021-08-14,1,GC070,Double KO
∆opp ∆glt,1.8833333333333337,0.09625925925925925,3,acetate,2021-08-14,1,GC070,Double KO
∆opp ∆glt,2.0088888888888894,0.1032222222222222,3,acetate,2021-08-14,1,GC070,Double KO
∆opp ∆glt,2.134444444444445,0.11111111111111112,3,acetate,2021-08-14,1,GC070,Double KO
∆opp ∆glt,2.2600000000000007,0.1182962962962963,3,acetate,2021-08-14,1,GC070,Double KO
∆opp ∆glt,2.3855555555555563,0.12611111111111106,3,acetate,2021-08-14,1,GC070,Double KO
∆opp ∆glt,2.511111111111112,0.1342962962962963,3,acetate,2021-08-14,1,GC070,Double KO
∆opp ∆glt,2.6366666666666676,0.14311111111111108,3,acetate,2021-08-14,1,GC070,Double KO
∆opp ∆glt,2.7622222222222232,0.15125925925925926,3,acetate,2021-08-14,1,GC070,Double KO
∆opp ∆glt,2.887777777777779,0.16018518518518515,3,acetate,2021-08-14,1,GC070,Double KO
∆opp ∆glt,3.0133333333333345,0.16918518518518516,3,acetate,2021-08-14,1,GC070,Double KO
∆opp ∆glt,3.1388888888888884,0.17722222222222223,3,acetate,2021-08-14,1,GC070,Double KO
∆pot ∆glt,0.0,0.03144444444444444,1,acetate,2021-08-14,1,GC097,Double KO
∆pot ∆glt,0.12555555555555564,0.03437037037037036,1,acetate,2021-08-14,1,GC097,Double KO
∆pot ∆glt,0.2511111111111113,0.036407407407407416,1,acetate,2021-08-14,1,GC097,Double KO
∆pot ∆glt,0.3766666666666669,0.040074074074074054,1,acetate,2021-08-14,1,GC097,Double KO
∆pot ∆glt,0.5022222222222226,0.04329629629629629,1,acetate,2021-08-14,1,GC097,Double KO
∆pot ∆glt,0.6277777777777782,0.048296296296296296,1,acetate,2021-08-14,1,GC097,Double KO
∆pot ∆glt,0.7533333333333339,0.052444444444444446,1,acetate,2021-08-14,1,GC097,Double KO
∆pot ∆glt,0.8788888888888886,0.05737037037037036,1,acetate,2021-08-14,1,GC097,Double KO
∆pot ∆glt,1.0044444444444443,0.06225925925925925,1,acetate,2021-08-14,1,GC097,Double KO
∆pot ∆glt,1.13,0.0682222222222222,1,acetate,2021-08-14,1,GC097,Double KO
∆pot ∆glt,1.2555555555555555,0.07344444444444444,1,acetate,2021-08-14,1,GC097,Double KO
∆pot ∆glt,1.3811111111111112,0.08037037037037036,1,acetate,2021-08-14,1,GC097,Double KO
∆pot ∆glt,1.5066666666666668,0.08625925925925927,1,acetate,2021-08-14,1,GC097,Double KO
∆pot ∆glt,1.6322222222222225,0.09322222222222219,1,acetate,2021-08-14,1,GC097,Double KO
∆pot ∆glt,1.757777777777778,0.10011111111111111,1,acetate,2021-08-14,1,GC097,Double KO
∆pot ∆glt,1.8833333333333337,0.10729629629629629,1,acetate,2021-08-14,1,GC097,Double KO
∆pot ∆glt,2.0088888888888894,0.1141111111111111,1,acetate,2021-08-14,1,GC097,Double KO
∆pot ∆glt,2.134444444444445,0.1222962962962963,1,acetate,2021-08-14,1,GC097,Double KO
∆pot ∆glt,2.2600000000000007,0.12911111111111107,1,acetate,2021-08-14,1,GC097,Double KO
∆pot ∆glt,2.3855555555555563,0.13725925925925925,1,acetate,2021-08-14,1,GC097,Double KO
∆pot ∆glt,2.511111111111112,0.1461851851851852,1,acetate,2021-08-14,1,GC097,Double KO
∆pot ∆glt,2.6366666666666676,0.1541851851851852,1,acetate,2021-08-14,1,GC097,Double KO
∆pot ∆glt,2.7622222222222215,0.1622222222222222,1,acetate,2021-08-14,1,GC097,Double KO
∆pot ∆glt,2.887777777777777,0.1711111111111111,1,acetate,2021-08-14,1,GC097,Double KO
∆pot ∆glt,0.0,0.03037037037037038,2,acetate,2021-08-14,1,GC097,Double KO
∆pot ∆glt,0.12555555555555564,0.03344444444444444,2,acetate,2021-08-14,1,GC097,Double KO
∆pot ∆glt,0.2511111111111113,0.03537037037037036,2,acetate,2021-08-14,1,GC097,Double KO
∆pot ∆glt,0.3766666666666669,0.038407407407407404,2,acetate,2021-08-14,1,GC097,Double KO
∆pot ∆glt,0.5022222222222226,0.041074074074074055,2,acetate,2021-08-14,1,GC097,Double KO
∆pot ∆glt,0.6277777777777782,0.04529629629629629,2,acetate,2021-08-14,1,GC097,Double KO
∆pot ∆glt,0.7533333333333339,0.049296296296296296,2,acetate,2021-08-14,1,GC097,Double KO
∆pot ∆glt,0.8788888888888895,0.05444444444444445,2,acetate,2021-08-14,1,GC097,Double KO
∆pot ∆glt,1.0044444444444443,0.059370370370370365,2,acetate,2021-08-14,1,GC097,Double KO
∆pot ∆glt,1.13,0.06425925925925925,2,acetate,2021-08-14,1,GC097,Double KO
∆pot ∆glt,1.2555555555555555,0.0702222222222222,2,acetate,2021-08-14,1,GC097,Double KO
∆pot ∆glt,1.3811111111111112,0.07544444444444444,2,acetate,2021-08-14,1,GC097,Double KO
∆pot ∆glt,1.5066666666666668,0.08237037037037036,2,acetate,2021-08-14,1,GC097,Double KO
∆pot ∆glt,1.6322222222222225,0.08825925925925927,2,acetate,2021-08-14,1,GC097,Double KO
∆pot ∆glt,1.757777777777778,0.0952222222222222,2,acetate,2021-08-14,1,GC097,Double KO
∆pot ∆glt,1.8833333333333337,0.10211111111111111,2,acetate,2021-08-14,1,GC097,Double KO
∆pot ∆glt,2.0088888888888894,0.1092962962962963,2,acetate,2021-08-14,1,GC097,Double KO
∆pot ∆glt,2.134444444444445,0.1171111111111111,2,acetate,2021-08-14,1,GC097,Double KO
∆pot ∆glt,2.2600000000000007,0.1252962962962963,2,acetate,2021-08-14,1,GC097,Double KO
∆pot ∆glt,2.3855555555555563,0.13211111111111107,2,acetate,2021-08-14,1,GC097,Double KO
∆pot ∆glt,2.511111111111112,0.14125925925925925,2,acetate,2021-08-14,1,GC097,Double KO
∆pot ∆glt,2.6366666666666676,0.1491851851851852,2,acetate,2021-08-14,1,GC097,Double KO
∆pot ∆glt,2.7622222222222232,0.15718518518518515,2,acetate,2021-08-14,1,GC097,Double KO
∆pot ∆glt,2.887777777777777,0.16622222222222222,2,acetate,2021-08-14,1,GC097,Double KO
∆pot ∆glt,3.0133333333333328,0.1751111111111111,2,acetate,2021-08-14,1,GC097,Double KO
∆pot ∆glt,0.0,0.03137037037037038,3,acetate,2021-08-14,1,GC097,Double KO
∆pot ∆glt,0.12555555555555564,0.03344444444444444,3,acetate,2021-08-14,1,GC097,Double KO
∆pot ∆glt,0.2511111111111113,0.03637037037037036,3,acetate,2021-08-14,1,GC097,Double KO
∆pot ∆glt,0.3766666666666669,0.039407407407407405,3,acetate,2021-08-14,1,GC097,Double KO
∆pot ∆glt,0.5022222222222226,0.043074074074074056,3,acetate,2021-08-14,1,GC097,Double KO
∆pot ∆glt,0.6277777777777782,0.046296296296296294,3,acetate,2021-08-14,1,GC097,Double KO
∆pot ∆glt,0.7533333333333339,0.0502962962962963,3,acetate,2021-08-14,1,GC097,Double KO
∆pot ∆glt,0.8788888888888895,0.05544444444444445,3,acetate,2021-08-14,1,GC097,Double KO
∆pot ∆glt,1.0044444444444443,0.060370370370370366,3,acetate,2021-08-14,1,GC097,Double KO
∆pot ∆glt,1.13,0.06525925925925925,3,acetate,2021-08-14,1,GC097,Double KO
∆pot ∆glt,1.2555555555555555,0.0712222222222222,3,acetate,2021-08-14,1,GC097,Double KO
∆pot ∆glt,1.3811111111111112,0.07744444444444444,3,acetate,2021-08-14,1,GC097,Double KO
∆pot ∆glt,1.5066666666666668,0.08337037037037036,3,acetate,2021-08-14,1,GC097,Double KO
∆pot ∆glt,1.6322222222222225,0.08925925925925927,3,acetate,2021-08-14,1,GC097,Double KO
∆pot ∆glt,1.757777777777778,0.0962222222222222,3,acetate,2021-08-14,1,GC097,Double KO
∆pot ∆glt,1.8833333333333337,0.10311111111111111,3,acetate,2021-08-14,1,GC097,Double KO
∆pot ∆glt,2.0088888888888894,0.1102962962962963,3,acetate,2021-08-14,1,GC097,Double KO
∆pot ∆glt,2.134444444444445,0.1181111111111111,3,acetate,2021-08-14,1,GC097,Double KO
∆pot ∆glt,2.2600000000000007,0.1252962962962963,3,acetate,2021-08-14,1,GC097,Double KO
∆pot ∆glt,2.3855555555555563,0.13311111111111107,3,acetate,2021-08-14,1,GC097,Double KO
∆pot ∆glt,2.511111111111112,0.14125925925925925,3,acetate,2021-08-14,1,GC097,Double KO
∆pot ∆glt,2.6366666666666676,0.1501851851851852,3,acetate,2021-08-14,1,GC097,Double KO
∆pot ∆glt,2.7622222222222232,0.15818518518518515,3,acetate,2021-08-14,1,GC097,Double KO
∆pot ∆glt,2.887777777777777,0.16722222222222222,3,acetate,2021-08-14,1,GC097,Double KO
∆pot ∆glt,3.0133333333333328,0.1751111111111111,3,acetate,2021-08-14,1,GC097,Double KO
∆rbs ∆glt,0.0,0.03048148148148147,1,acetate,2021-08-14,1,GC073,Double KO
∆rbs ∆glt,0.12555555555555564,0.03240740740740741,1,acetate,2021-08-14,1,GC073,Double KO
∆rbs ∆glt,0.2511111111111113,0.034444444444444444,1,acetate,2021-08-14,1,GC073,Double KO
∆rbs ∆glt,0.3766666666666669,0.03744444444444445,1,acetate,2021-08-14,1,GC073,Double KO
∆rbs ∆glt,0.5022222222222226,0.03955555555555555,1,acetate,2021-08-14,1,GC073,Double KO
∆rbs ∆glt,0.6277777777777782,0.04055555555555555,1,acetate,2021-08-14,1,GC073,Double KO
∆rbs ∆glt,0.7533333333333339,0.04444444444444444,1,acetate,2021-08-14,1,GC073,Double KO
∆rbs ∆glt,0.8788888888888895,0.04640740740740741,1,acetate,2021-08-14,1,GC073,Double KO
∆rbs ∆glt,1.0044444444444451,0.049444444444444444,1,acetate,2021-08-14,1,GC073,Double KO
∆rbs ∆glt,1.1300000000000008,0.052444444444444446,1,acetate,2021-08-14,1,GC073,Double KO
∆rbs ∆glt,1.2555555555555564,0.05537037037037039,1,acetate,2021-08-14,1,GC073,Double KO
∆rbs ∆glt,1.3811111111111112,0.05937037037037039,1,acetate,2021-08-14,1,GC073,Double KO
∆rbs ∆glt,1.5066666666666668,0.06355555555555555,1,acetate,2021-08-14,1,GC073,Double KO
∆rbs ∆glt,1.6322222222222225,0.06837037037037037,1,acetate,2021-08-14,1,GC073,Double KO
∆rbs ∆glt,1.757777777777778,0.07444444444444444,1,acetate,2021-08-14,1,GC073,Double KO
∆rbs ∆glt,1.8833333333333337,0.07937037037037036,1,acetate,2021-08-14,1,GC073,Double KO
∆rbs ∆glt,2.0088888888888894,0.08440740740740742,1,acetate,2021-08-14,1,GC073,Double KO
∆rbs ∆glt,2.134444444444445,0.09207407407407404,1,acetate,2021-08-14,1,GC073,Double KO
∆rbs ∆glt,2.2600000000000007,0.09729629629629628,1,acetate,2021-08-14,1,GC073,Double KO
∆rbs ∆glt,2.3855555555555563,0.10429629629629629,1,acetate,2021-08-14,1,GC073,Double KO
∆rbs ∆glt,2.511111111111112,0.10744444444444444,1,acetate,2021-08-14,1,GC073,Double KO
∆rbs ∆glt,2.6366666666666667,0.11737037037037036,1,acetate,2021-08-14,1,GC073,Double KO
∆rbs ∆glt,2.7622222222222224,0.12025925925925927,1,acetate,2021-08-14,1,GC073,Double KO
∆rbs ∆glt,2.887777777777778,0.12822222222222218,1,acetate,2021-08-14,1,GC073,Double KO
∆rbs ∆glt,3.0133333333333336,0.13144444444444442,1,acetate,2021-08-14,1,GC073,Double KO
∆rbs ∆glt,3.1388888888888893,0.14037037037037037,1,acetate,2021-08-14,1,GC073,Double KO
∆rbs ∆glt,3.264444444444445,0.14825925925925926,1,acetate,2021-08-14,1,GC073,Double KO
∆rbs ∆glt,3.3900000000000006,0.1532222222222222,1,acetate,2021-08-14,1,GC073,Double KO
∆rbs ∆glt,3.515555555555556,0.1611111111111111,1,acetate,2021-08-14,1,GC073,Double KO
∆rbs ∆glt,3.641111111111112,0.16929629629629628,1,acetate,2021-08-14,1,GC073,Double KO
∆rbs ∆glt,3.7666666666666675,0.1781111111111111,1,acetate,2021-08-14,1,GC073,Double KO
∆rbs ∆glt,0.0,0.03048148148148147,2,acetate,2021-08-14,1,GC073,Double KO
∆rbs ∆glt,0.12555555555555564,0.03240740740740741,2,acetate,2021-08-14,1,GC073,Double KO
∆rbs ∆glt,0.2511111111111113,0.034444444444444444,2,acetate,2021-08-14,1,GC073,Double KO
∆rbs ∆glt,0.3766666666666669,0.036444444444444446,2,acetate,2021-08-14,1,GC073,Double KO
∆rbs ∆glt,0.5022222222222226,0.03955555555555555,2,acetate,2021-08-14,1,GC073,Double KO
∆rbs ∆glt,0.6277777777777782,0.041555555555555554,2,acetate,2021-08-14,1,GC073,Double KO
∆rbs ∆glt,0.7533333333333339,0.04344444444444444,2,acetate,2021-08-14,1,GC073,Double KO
∆rbs ∆glt,0.8788888888888895,0.04640740740740741,2,acetate,2021-08-14,1,GC073,Double KO
∆rbs ∆glt,1.0044444444444451,0.049444444444444444,2,acetate,2021-08-14,1,GC073,Double KO
∆rbs ∆glt,1.1300000000000008,0.052444444444444446,2,acetate,2021-08-14,1,GC073,Double KO
∆rbs ∆glt,1.2555555555555564,0.05537037037037039,2,acetate,2021-08-14,1,GC073,Double KO
∆rbs ∆glt,1.3811111111111112,0.05937037037037039,2,acetate,2021-08-14,1,GC073,Double KO
∆rbs ∆glt,1.5066666666666668,0.06455555555555555,2,acetate,2021-08-14,1,GC073,Double KO
∆rbs ∆glt,1.6322222222222225,0.06837037037037037,2,acetate,2021-08-14,1,GC073,Double KO
∆rbs ∆glt,1.757777777777778,0.07544444444444444,2,acetate,2021-08-14,1,GC073,Double KO
∆rbs ∆glt,1.8833333333333337,0.08037037037037036,2,acetate,2021-08-14,1,GC073,Double KO
∆rbs ∆glt,2.0088888888888894,0.08440740740740742,2,acetate,2021-08-14,1,GC073,Double KO
∆rbs ∆glt,2.134444444444445,0.09207407407407404,2,acetate,2021-08-14,1,GC073,Double KO
∆rbs ∆glt,2.2600000000000007,0.09629629629629628,2,acetate,2021-08-14,1,GC073,Double KO
∆rbs ∆glt,2.3855555555555563,0.10229629629629629,2,acetate,2021-08-14,1,GC073,Double KO
∆rbs ∆glt,2.511111111111112,0.10644444444444444,2,acetate,2021-08-14,1,GC073,Double KO
∆rbs ∆glt,2.6366666666666667,0.11537037037037036,2,acetate,2021-08-14,1,GC073,Double KO
∆rbs ∆glt,2.7622222222222224,0.11925925925925927,2,acetate,2021-08-14,1,GC073,Double KO
∆rbs ∆glt,2.887777777777778,0.12722222222222218,2,acetate,2021-08-14,1,GC073,Double KO
∆rbs ∆glt,3.0133333333333336,0.13244444444444442,2,acetate,2021-08-14,1,GC073,Double KO
∆rbs ∆glt,3.1388888888888893,0.14237037037037037,2,acetate,2021-08-14,1,GC073,Double KO
∆rbs ∆glt,3.264444444444445,0.14825925925925926,2,acetate,2021-08-14,1,GC073,Double KO
∆rbs ∆glt,3.3900000000000006,0.1542222222222222,2,acetate,2021-08-14,1,GC073,Double KO
∆rbs ∆glt,3.515555555555556,0.1611111111111111,2,acetate,2021-08-14,1,GC073,Double KO
∆rbs ∆glt,3.641111111111112,0.16829629629629628,2,acetate,2021-08-14,1,GC073,Double KO
∆rbs ∆glt,3.7666666666666675,0.1761111111111111,2,acetate,2021-08-14,1,GC073,Double KO
∆rbs ∆glt,3.892222222222223,0.1792962962962963,2,acetate,2021-08-14,1,GC073,Double KO
∆rbs ∆glt,0.0,0.03040740740740741,3,acetate,2021-08-14,1,GC073,Double KO
∆rbs ∆glt,0.12555555555555564,0.03244444444444444,3,acetate,2021-08-14,1,GC073,Double KO
∆rbs ∆glt,0.2511111111111113,0.035444444444444445,3,acetate,2021-08-14,1,GC073,Double KO
∆rbs ∆glt,0.3766666666666669,0.037555555555555564,3,acetate,2021-08-14,1,GC073,Double KO
∆rbs ∆glt,0.5022222222222226,0.03955555555555555,3,acetate,2021-08-14,1,GC073,Double KO
∆rbs ∆glt,0.6277777777777782,0.04244444444444444,3,acetate,2021-08-14,1,GC073,Double KO
∆rbs ∆glt,0.7533333333333339,0.04540740740740741,3,acetate,2021-08-14,1,GC073,Double KO
∆rbs ∆glt,0.8788888888888895,0.04844444444444444,3,acetate,2021-08-14,1,GC073,Double KO
∆rbs ∆glt,1.0044444444444451,0.051444444444444445,3,acetate,2021-08-14,1,GC073,Double KO
∆rbs ∆glt,1.1300000000000008,0.05537037037037039,3,acetate,2021-08-14,1,GC073,Double KO
∆rbs ∆glt,1.2555555555555555,0.05937037037037039,3,acetate,2021-08-14,1,GC073,Double KO
∆rbs ∆glt,1.3811111111111112,0.06355555555555555,3,acetate,2021-08-14,1,GC073,Double KO
∆rbs ∆glt,1.5066666666666668,0.06837037037037037,3,acetate,2021-08-14,1,GC073,Double KO
∆rbs ∆glt,1.6322222222222225,0.07444444444444444,3,acetate,2021-08-14,1,GC073,Double KO
∆rbs ∆glt,1.757777777777778,0.07937037037037036,3,acetate,2021-08-14,1,GC073,Double KO
∆rbs ∆glt,1.8833333333333337,0.08340740740740742,3,acetate,2021-08-14,1,GC073,Double KO
∆rbs ∆glt,2.0088888888888894,0.09107407407407407,3,acetate,2021-08-14,1,GC073,Double KO
∆rbs ∆glt,2.134444444444445,0.09429629629629628,3,acetate,2021-08-14,1,GC073,Double KO
∆rbs ∆glt,2.2600000000000007,0.10129629629629629,3,acetate,2021-08-14,1,GC073,Double KO
∆rbs ∆glt,2.3855555555555563,0.10444444444444444,3,acetate,2021-08-14,1,GC073,Double KO
∆rbs ∆glt,2.511111111111111,0.11337037037037036,3,acetate,2021-08-14,1,GC073,Double KO
∆rbs ∆glt,2.6366666666666667,0.11825925925925927,3,acetate,2021-08-14,1,GC073,Double KO
∆rbs ∆glt,2.7622222222222224,0.12522222222222218,3,acetate,2021-08-14,1,GC073,Double KO
∆rbs ∆glt,2.887777777777778,0.13044444444444442,3,acetate,2021-08-14,1,GC073,Double KO
∆rbs ∆glt,3.0133333333333336,0.13937037037037037,3,acetate,2021-08-14,1,GC073,Double KO
∆rbs ∆glt,3.1388888888888893,0.14525925925925925,3,acetate,2021-08-14,1,GC073,Double KO
∆rbs ∆glt,3.264444444444445,0.1512222222222222,3,acetate,2021-08-14,1,GC073,Double KO
∆rbs ∆glt,3.3900000000000006,0.1581111111111111,3,acetate,2021-08-14,1,GC073,Double KO
∆rbs ∆glt,3.515555555555556,0.16429629629629627,3,acetate,2021-08-14,1,GC073,Double KO
∆rbs ∆glt,3.641111111111112,0.1721111111111111,3,acetate,2021-08-14,1,GC073,Double KO
∆rbs ∆glt,3.7666666666666675,0.17429629629629628,3,acetate,2021-08-14,1,GC073,Double KO
∆rbs ∆glt,3.892222222222223,0.1791111111111111,3,acetate,2021-08-14,1,GC073,Double KO
