strain,elapsed_time_hr,od_600nm,technical_replicate,growth_medium,date,identifier,class
WT,0.0,0.030925925925925912,1,glucose,2021-07-20,GC001,WT
WT,0.12555555555555564,0.034814814814814826,1,glucose,2021-07-20,GC001,WT
WT,0.2511111111111113,0.03896296296296296,1,glucose,2021-07-20,GC001,WT
WT,0.3766666666666669,0.043814814814814806,1,glucose,2021-07-20,GC001,WT
WT,0.5022222222222226,0.049888888888888885,1,glucose,2021-07-20,GC001,WT
WT,0.6277777777777778,0.05685185185185186,1,glucose,2021-07-20,GC001,WT
WT,0.7533333333333334,0.06496296296296294,1,glucose,2021-07-20,GC001,WT
WT,0.878888888888889,0.07492592592592591,1,glucose,2021-07-20,GC001,WT
WT,1.0044444444444447,0.08492592592592592,1,glucose,2021-07-20,GC001,WT
WT,1.1300000000000003,0.0949259259259259,1,glucose,2021-07-20,GC001,WT
WT,1.255555555555556,0.10785185185185185,1,glucose,2021-07-20,GC001,WT
WT,1.3811111111111116,0.12485185185185184,1,glucose,2021-07-20,GC001,WT
WT,1.5066666666666664,0.14381481481481484,1,glucose,2021-07-20,GC001,WT
WT,1.632222222222222,0.16399999999999998,1,glucose,2021-07-20,GC001,WT
WT,1.7577777777777777,0.189962962962963,1,glucose,2021-07-20,GC001,WT
WT,1.8833333333333333,0.21796296296296297,1,glucose,2021-07-20,GC001,WT
WT,2.008888888888889,0.24974074074074076,1,glucose,2021-07-20,GC001,WT
WT,2.1344444444444446,0.2869259259259259,1,glucose,2021-07-20,GC001,WT
WT,2.2600000000000002,0.3268888888888889,1,glucose,2021-07-20,GC001,WT
WT,0.0,0.03192592592592591,2,glucose,2021-07-20,GC001,WT
WT,0.12555555555555564,0.03581481481481483,2,glucose,2021-07-20,GC001,WT
WT,0.2511111111111113,0.039962962962962964,2,glucose,2021-07-20,GC001,WT
WT,0.3766666666666669,0.04481481481481481,2,glucose,2021-07-20,GC001,WT
WT,0.5022222222222226,0.050888888888888886,2,glucose,2021-07-20,GC001,WT
WT,0.6277777777777778,0.05685185185185186,2,glucose,2021-07-20,GC001,WT
WT,0.7533333333333334,0.06596296296296295,2,glucose,2021-07-20,GC001,WT
WT,0.878888888888889,0.07492592592592591,2,glucose,2021-07-20,GC001,WT
WT,1.0044444444444447,0.08192592592592592,2,glucose,2021-07-20,GC001,WT
WT,1.1300000000000003,0.0949259259259259,2,glucose,2021-07-20,GC001,WT
WT,1.255555555555556,0.10885185185185185,2,glucose,2021-07-20,GC001,WT
WT,1.3811111111111116,0.12485185185185184,2,glucose,2021-07-20,GC001,WT
WT,1.5066666666666664,0.14381481481481484,2,glucose,2021-07-20,GC001,WT
WT,1.632222222222222,0.16499999999999998,2,glucose,2021-07-20,GC001,WT
WT,1.7577777777777777,0.189962962962963,2,glucose,2021-07-20,GC001,WT
WT,1.8833333333333333,0.21796296296296297,2,glucose,2021-07-20,GC001,WT
WT,2.008888888888889,0.25074074074074076,2,glucose,2021-07-20,GC001,WT
WT,2.1344444444444446,0.2869259259259259,2,glucose,2021-07-20,GC001,WT
WT,2.2600000000000002,0.3268888888888889,2,glucose,2021-07-20,GC001,WT
WT,0.0,0.031814814814814824,3,glucose,2021-07-20,GC001,WT
WT,0.12555555555555564,0.035962962962962974,3,glucose,2021-07-20,GC001,WT
WT,0.2511111111111113,0.040814814814814804,3,glucose,2021-07-20,GC001,WT
WT,0.3766666666666669,0.04688888888888888,3,glucose,2021-07-20,GC001,WT
WT,0.5022222222222221,0.05385185185185186,3,glucose,2021-07-20,GC001,WT
WT,0.6277777777777778,0.06196296296296294,3,glucose,2021-07-20,GC001,WT
WT,0.7533333333333334,0.0709259259259259,3,glucose,2021-07-20,GC001,WT
WT,0.878888888888889,0.07992592592592591,3,glucose,2021-07-20,GC001,WT
WT,1.0044444444444447,0.09192592592592592,3,glucose,2021-07-20,GC001,WT
WT,1.1300000000000003,0.10485185185185185,3,glucose,2021-07-20,GC001,WT
WT,1.255555555555556,0.11985185185185186,3,glucose,2021-07-20,GC001,WT
WT,1.3811111111111107,0.13881481481481484,3,glucose,2021-07-20,GC001,WT
WT,1.5066666666666664,0.15899999999999997,3,glucose,2021-07-20,GC001,WT
WT,1.632222222222222,0.182962962962963,3,glucose,2021-07-20,GC001,WT
WT,1.7577777777777777,0.20996296296296296,3,glucose,2021-07-20,GC001,WT
WT,1.8833333333333333,0.24074074074074076,3,glucose,2021-07-20,GC001,WT
WT,2.008888888888889,0.2759259259259259,3,glucose,2021-07-20,GC001,WT
WT,2.1344444444444446,0.3138888888888889,3,glucose,2021-07-20,GC001,WT
∆dpp,0.0,0.03274074074074074,1,glucose,2021-07-20,GC048,Single KO
∆dpp,0.12555555555555564,0.037000000000000005,1,glucose,2021-07-20,GC048,Single KO
∆dpp,0.2511111111111113,0.041814814814814805,1,glucose,2021-07-20,GC048,Single KO
∆dpp,0.3766666666666669,0.04688888888888888,1,glucose,2021-07-20,GC048,Single KO
∆dpp,0.5022222222222226,0.05388888888888889,1,glucose,2021-07-20,GC048,Single KO
∆dpp,0.6277777777777778,0.0619259259259259,1,glucose,2021-07-20,GC048,Single KO
∆dpp,0.7533333333333334,0.07281481481481482,1,glucose,2021-07-20,GC048,Single KO
∆dpp,0.878888888888889,0.08396296296296298,1,glucose,2021-07-20,GC048,Single KO
∆dpp,1.0044444444444447,0.0928148148148148,1,glucose,2021-07-20,GC048,Single KO
∆dpp,1.1300000000000003,0.10888888888888888,1,glucose,2021-07-20,GC048,Single KO
∆dpp,1.2555555555555555,0.12185185185185186,1,glucose,2021-07-20,GC048,Single KO
∆dpp,1.3811111111111112,0.14196296296296296,1,glucose,2021-07-20,GC048,Single KO
∆dpp,1.5066666666666668,0.16492592592592592,1,glucose,2021-07-20,GC048,Single KO
∆dpp,1.6322222222222225,0.19192592592592594,1,glucose,2021-07-20,GC048,Single KO
∆dpp,1.757777777777778,0.22592592592592592,1,glucose,2021-07-20,GC048,Single KO
∆dpp,1.8833333333333337,0.2628518518518519,1,glucose,2021-07-20,GC048,Single KO
∆dpp,2.0088888888888894,0.30185185185185187,1,glucose,2021-07-20,GC048,Single KO
∆dpp,2.134444444444444,0.3438148148148148,1,glucose,2021-07-20,GC048,Single KO
∆dpp,0.0,0.030851851851851853,2,glucose,2021-07-20,GC048,Single KO
∆dpp,0.1255555555555552,0.033888888888888885,2,glucose,2021-07-20,GC048,Single KO
∆dpp,0.25111111111111084,0.03674074074074074,2,glucose,2021-07-20,GC048,Single KO
∆dpp,0.3766666666666665,0.040999999999999995,2,glucose,2021-07-20,GC048,Single KO
∆dpp,0.5022222222222221,0.04581481481481481,2,glucose,2021-07-20,GC048,Single KO
∆dpp,0.6277777777777778,0.05188888888888889,2,glucose,2021-07-20,GC048,Single KO
∆dpp,0.7533333333333334,0.05888888888888889,2,glucose,2021-07-20,GC048,Single KO
∆dpp,0.8788888888888886,0.0669259259259259,2,glucose,2021-07-20,GC048,Single KO
∆dpp,1.0044444444444443,0.07781481481481482,2,glucose,2021-07-20,GC048,Single KO
∆dpp,1.13,0.09096296296296298,2,glucose,2021-07-20,GC048,Single KO
∆dpp,1.2555555555555555,0.1028148148148148,2,glucose,2021-07-20,GC048,Single KO
∆dpp,1.3811111111111112,0.11488888888888889,2,glucose,2021-07-20,GC048,Single KO
∆dpp,1.5066666666666664,0.12885185185185183,2,glucose,2021-07-20,GC048,Single KO
∆dpp,1.632222222222222,0.14996296296296296,2,glucose,2021-07-20,GC048,Single KO
∆dpp,1.7577777777777777,0.17392592592592593,2,glucose,2021-07-20,GC048,Single KO
∆dpp,1.8833333333333333,0.20192592592592595,2,glucose,2021-07-20,GC048,Single KO
∆dpp,2.008888888888889,0.23392592592592593,2,glucose,2021-07-20,GC048,Single KO
∆dpp,2.1344444444444446,0.27385185185185185,2,glucose,2021-07-20,GC048,Single KO
∆dpp,2.2600000000000002,0.3158518518518519,2,glucose,2021-07-20,GC048,Single KO
∆dpp,0.0,0.032888888888888884,3,glucose,2021-07-20,GC048,Single KO
∆dpp,0.12555555555555564,0.03674074074074074,3,glucose,2021-07-20,GC048,Single KO
∆dpp,0.2511111111111113,0.040999999999999995,3,glucose,2021-07-20,GC048,Single KO
∆dpp,0.3766666666666669,0.04581481481481481,3,glucose,2021-07-20,GC048,Single KO
∆dpp,0.5022222222222226,0.05188888888888889,3,glucose,2021-07-20,GC048,Single KO
∆dpp,0.6277777777777782,0.05888888888888889,3,glucose,2021-07-20,GC048,Single KO
∆dpp,0.7533333333333334,0.0669259259259259,3,glucose,2021-07-20,GC048,Single KO
∆dpp,0.878888888888889,0.07681481481481482,3,glucose,2021-07-20,GC048,Single KO
∆dpp,1.0044444444444447,0.08996296296296298,3,glucose,2021-07-20,GC048,Single KO
∆dpp,1.1300000000000003,0.1008148148148148,3,glucose,2021-07-20,GC048,Single KO
∆dpp,1.255555555555556,0.11688888888888889,3,glucose,2021-07-20,GC048,Single KO
∆dpp,1.3811111111111112,0.12985185185185183,3,glucose,2021-07-20,GC048,Single KO
∆dpp,1.5066666666666668,0.14996296296296296,3,glucose,2021-07-20,GC048,Single KO
∆dpp,1.6322222222222225,0.17492592592592593,3,glucose,2021-07-20,GC048,Single KO
∆dpp,1.757777777777778,0.2029259259259259,3,glucose,2021-07-20,GC048,Single KO
∆dpp,1.8833333333333337,0.23592592592592593,3,glucose,2021-07-20,GC048,Single KO
∆dpp,2.0088888888888894,0.27485185185185185,3,glucose,2021-07-20,GC048,Single KO
∆dpp,2.134444444444445,0.3178518518518519,3,glucose,2021-07-20,GC048,Single KO
∆flh,0.0,0.032925925925925914,1,glucose,2021-07-20,GC029,Single KO
∆flh,0.12555555555555542,0.036962962962962975,1,glucose,2021-07-20,GC029,Single KO
∆flh,0.25111111111111106,0.040999999999999995,1,glucose,2021-07-20,GC029,Single KO
∆flh,0.3766666666666667,0.04485185185185185,1,glucose,2021-07-20,GC029,Single KO
∆flh,0.5022222222222219,0.050888888888888886,1,glucose,2021-07-20,GC029,Single KO
∆flh,0.6277777777777775,0.056740740740740744,1,glucose,2021-07-20,GC029,Single KO
∆flh,0.7533333333333332,0.06399999999999999,1,glucose,2021-07-20,GC029,Single KO
∆flh,0.8788888888888888,0.0718148148148148,1,glucose,2021-07-20,GC029,Single KO
∆flh,1.0044444444444445,0.07988888888888888,1,glucose,2021-07-20,GC029,Single KO
∆flh,1.1300000000000001,0.0908888888888889,1,glucose,2021-07-20,GC029,Single KO
∆flh,1.2555555555555553,0.1019259259259259,1,glucose,2021-07-20,GC029,Single KO
∆flh,1.381111111111111,0.11581481481481483,1,glucose,2021-07-20,GC029,Single KO
∆flh,1.5066666666666666,0.13196296296296295,1,glucose,2021-07-20,GC029,Single KO
∆flh,1.6322222222222222,0.14881481481481482,1,glucose,2021-07-20,GC029,Single KO
∆flh,1.7577777777777779,0.17188888888888887,1,glucose,2021-07-20,GC029,Single KO
∆flh,1.883333333333333,0.2018518518518519,1,glucose,2021-07-20,GC029,Single KO
∆flh,2.0088888888888885,0.23196296296296295,1,glucose,2021-07-20,GC029,Single KO
∆flh,2.134444444444444,0.24692592592592594,1,glucose,2021-07-20,GC029,Single KO
∆flh,2.26,0.2949259259259259,1,glucose,2021-07-20,GC029,Single KO
∆flh,2.3855555555555554,0.32492592592592595,1,glucose,2021-07-20,GC029,Single KO
∆flh,2.511111111111111,0.33485185185185184,1,glucose,2021-07-20,GC029,Single KO
∆flh,0.0,0.03196296296296297,2,glucose,2021-07-20,GC029,Single KO
∆flh,0.12555555555555564,0.037000000000000005,2,glucose,2021-07-20,GC029,Single KO
∆flh,0.2511111111111113,0.04085185185185185,2,glucose,2021-07-20,GC029,Single KO
∆flh,0.3766666666666665,0.04688888888888888,2,glucose,2021-07-20,GC029,Single KO
∆flh,0.5022222222222221,0.05374074074074074,2,glucose,2021-07-20,GC029,Single KO
∆flh,0.6277777777777778,0.06100000000000001,2,glucose,2021-07-20,GC029,Single KO
∆flh,0.7533333333333334,0.0678148148148148,2,glucose,2021-07-20,GC029,Single KO
∆flh,0.878888888888889,0.07688888888888888,2,glucose,2021-07-20,GC029,Single KO
∆flh,1.0044444444444447,0.08788888888888889,2,glucose,2021-07-20,GC029,Single KO
∆flh,1.13,0.0999259259259259,2,glucose,2021-07-20,GC029,Single KO
∆flh,1.2555555555555555,0.11581481481481483,2,glucose,2021-07-20,GC029,Single KO
∆flh,1.3811111111111112,0.13196296296296295,2,glucose,2021-07-20,GC029,Single KO
∆flh,1.5066666666666668,0.15481481481481482,2,glucose,2021-07-20,GC029,Single KO
∆flh,1.6322222222222225,0.18388888888888888,2,glucose,2021-07-20,GC029,Single KO
∆flh,1.7577777777777777,0.21985185185185185,2,glucose,2021-07-20,GC029,Single KO
∆flh,1.8833333333333333,0.25996296296296295,2,glucose,2021-07-20,GC029,Single KO
∆flh,2.008888888888889,0.2779259259259259,2,glucose,2021-07-20,GC029,Single KO
∆flh,2.1344444444444446,0.3349259259259259,2,glucose,2021-07-20,GC029,Single KO
∆flh,0.0,0.03192592592592591,3,glucose,2021-07-20,GC029,Single KO
∆flh,0.12555555555555542,0.03496296296296297,3,glucose,2021-07-20,GC029,Single KO
∆flh,0.25111111111111106,0.03899999999999999,3,glucose,2021-07-20,GC029,Single KO
∆flh,0.3766666666666667,0.04385185185185185,3,glucose,2021-07-20,GC029,Single KO
∆flh,0.5022222222222219,0.049888888888888885,3,glucose,2021-07-20,GC029,Single KO
∆flh,0.6277777777777775,0.056740740740740744,3,glucose,2021-07-20,GC029,Single KO
∆flh,0.7533333333333332,0.06299999999999999,3,glucose,2021-07-20,GC029,Single KO
∆flh,0.8788888888888888,0.0708148148148148,3,glucose,2021-07-20,GC029,Single KO
∆flh,1.0044444444444445,0.07988888888888888,3,glucose,2021-07-20,GC029,Single KO
∆flh,1.1300000000000001,0.0898888888888889,3,glucose,2021-07-20,GC029,Single KO
∆flh,1.2555555555555553,0.1019259259259259,3,glucose,2021-07-20,GC029,Single KO
∆flh,1.381111111111111,0.11581481481481483,3,glucose,2021-07-20,GC029,Single KO
∆flh,1.5066666666666666,0.13196296296296295,3,glucose,2021-07-20,GC029,Single KO
∆flh,1.6322222222222222,0.14981481481481482,3,glucose,2021-07-20,GC029,Single KO
∆flh,1.7577777777777779,0.17188888888888887,3,glucose,2021-07-20,GC029,Single KO
∆flh,1.883333333333333,0.1978518518518519,3,glucose,2021-07-20,GC029,Single KO
∆flh,2.0088888888888885,0.22596296296296295,3,glucose,2021-07-20,GC029,Single KO
∆flh,2.134444444444444,0.24592592592592594,3,glucose,2021-07-20,GC029,Single KO
∆flh,2.26,0.2819259259259259,3,glucose,2021-07-20,GC029,Single KO
∆flh,2.3855555555555554,0.30792592592592594,3,glucose,2021-07-20,GC029,Single KO
∆flh,2.511111111111111,0.3208518518518519,3,glucose,2021-07-20,GC029,Single KO
∆glt,0.0,0.030888888888888882,1,glucose,2021-07-20,GC030,Single KO
∆glt,0.12555555555555564,0.033777777777777795,1,glucose,2021-07-20,GC030,Single KO
∆glt,0.2511111111111113,0.03792592592592592,1,glucose,2021-07-20,GC030,Single KO
∆glt,0.3766666666666667,0.04296296296296297,1,glucose,2021-07-20,GC030,Single KO
∆glt,0.5022222222222223,0.048,1,glucose,2021-07-20,GC030,Single KO
∆glt,0.627777777777778,0.05285185185185186,1,glucose,2021-07-20,GC030,Single KO
∆glt,0.7533333333333332,0.05888888888888889,1,glucose,2021-07-20,GC030,Single KO
∆glt,0.8788888888888888,0.06674074074074073,1,glucose,2021-07-20,GC030,Single KO
∆glt,1.0044444444444445,0.075,1,glucose,2021-07-20,GC030,Single KO
∆glt,1.1300000000000001,0.08581481481481482,1,glucose,2021-07-20,GC030,Single KO
∆glt,1.2555555555555558,0.09988888888888887,1,glucose,2021-07-20,GC030,Single KO
∆glt,1.3811111111111114,0.11588888888888889,1,glucose,2021-07-20,GC030,Single KO
∆glt,1.5066666666666666,0.1279259259259259,1,glucose,2021-07-20,GC030,Single KO
∆glt,1.6322222222222222,0.14081481481481484,1,glucose,2021-07-20,GC030,Single KO
∆glt,1.7577777777777779,0.16196296296296298,1,glucose,2021-07-20,GC030,Single KO
∆glt,1.8833333333333335,0.18681481481481482,1,glucose,2021-07-20,GC030,Single KO
∆glt,2.0088888888888894,0.21688888888888885,1,glucose,2021-07-20,GC030,Single KO
∆glt,2.134444444444444,0.2508518518518519,1,glucose,2021-07-20,GC030,Single KO
∆glt,2.26,0.291962962962963,1,glucose,2021-07-20,GC030,Single KO
∆glt,2.3855555555555554,0.3349259259259259,1,glucose,2021-07-20,GC030,Single KO
∆glt,0.0,0.03188888888888888,2,glucose,2021-07-20,GC030,Single KO
∆glt,0.12555555555555564,0.034777777777777796,2,glucose,2021-07-20,GC030,Single KO
∆glt,0.2511111111111113,0.038925925925925906,2,glucose,2021-07-20,GC030,Single KO
∆glt,0.3766666666666667,0.04296296296296297,2,glucose,2021-07-20,GC030,Single KO
∆glt,0.5022222222222223,0.049,2,glucose,2021-07-20,GC030,Single KO
∆glt,0.627777777777778,0.05385185185185186,2,glucose,2021-07-20,GC030,Single KO
∆glt,0.7533333333333332,0.059888888888888894,2,glucose,2021-07-20,GC030,Single KO
∆glt,0.8788888888888888,0.06774074074074073,2,glucose,2021-07-20,GC030,Single KO
∆glt,1.0044444444444445,0.076,2,glucose,2021-07-20,GC030,Single KO
∆glt,1.1300000000000001,0.08681481481481482,2,glucose,2021-07-20,GC030,Single KO
∆glt,1.2555555555555558,0.10188888888888888,2,glucose,2021-07-20,GC030,Single KO
∆glt,1.3811111111111114,0.11888888888888889,2,glucose,2021-07-20,GC030,Single KO
∆glt,1.5066666666666666,0.1289259259259259,2,glucose,2021-07-20,GC030,Single KO
∆glt,1.6322222222222222,0.14181481481481484,2,glucose,2021-07-20,GC030,Single KO
∆glt,1.7577777777777779,0.16296296296296298,2,glucose,2021-07-20,GC030,Single KO
∆glt,1.8833333333333335,0.18881481481481482,2,glucose,2021-07-20,GC030,Single KO
∆glt,2.0088888888888894,0.21888888888888886,2,glucose,2021-07-20,GC030,Single KO
∆glt,2.134444444444444,0.2538518518518519,2,glucose,2021-07-20,GC030,Single KO
∆glt,2.26,0.290962962962963,2,glucose,2021-07-20,GC030,Single KO
∆glt,2.3855555555555554,0.3379259259259259,2,glucose,2021-07-20,GC030,Single KO
∆glt,0.0,0.032777777777777795,3,glucose,2021-07-20,GC030,Single KO
∆glt,0.12555555555555564,0.03692592592592592,3,glucose,2021-07-20,GC030,Single KO
∆glt,0.25111111111111106,0.040962962962962965,3,glucose,2021-07-20,GC030,Single KO
∆glt,0.3766666666666667,0.046,3,glucose,2021-07-20,GC030,Single KO
∆glt,0.5022222222222223,0.05185185185185186,3,glucose,2021-07-20,GC030,Single KO
∆glt,0.6277777777777775,0.05788888888888889,3,glucose,2021-07-20,GC030,Single KO
∆glt,0.7533333333333332,0.06574074074074072,3,glucose,2021-07-20,GC030,Single KO
∆glt,0.8788888888888888,0.074,3,glucose,2021-07-20,GC030,Single KO
∆glt,1.0044444444444445,0.08481481481481482,3,glucose,2021-07-20,GC030,Single KO
∆glt,1.1300000000000001,0.09988888888888887,3,glucose,2021-07-20,GC030,Single KO
∆glt,1.2555555555555558,0.11588888888888889,3,glucose,2021-07-20,GC030,Single KO
∆glt,1.381111111111111,0.1279259259259259,3,glucose,2021-07-20,GC030,Single KO
∆glt,1.5066666666666666,0.13681481481481483,3,glucose,2021-07-20,GC030,Single KO
∆glt,1.6322222222222222,0.15796296296296297,3,glucose,2021-07-20,GC030,Single KO
∆glt,1.7577777777777779,0.18281481481481482,3,glucose,2021-07-20,GC030,Single KO
∆glt,1.8833333333333335,0.21088888888888885,3,glucose,2021-07-20,GC030,Single KO
∆glt,2.0088888888888885,0.24585185185185188,3,glucose,2021-07-20,GC030,Single KO
∆glt,2.134444444444444,0.27996296296296297,3,glucose,2021-07-20,GC030,Single KO
∆glt,2.26,0.32592592592592595,3,glucose,2021-07-20,GC030,Single KO
∆his,0.0,0.031,1,glucose,2021-07-20,GC047,Single KO
∆his,0.12555555555555564,0.034851851851851856,1,glucose,2021-07-20,GC047,Single KO
∆his,0.25111111111111084,0.03788888888888889,1,glucose,2021-07-20,GC047,Single KO
∆his,0.3766666666666665,0.04274074074074073,1,glucose,2021-07-20,GC047,Single KO
∆his,0.5022222222222221,0.048,1,glucose,2021-07-20,GC047,Single KO
∆his,0.6277777777777778,0.053814814814814815,1,glucose,2021-07-20,GC047,Single KO
∆his,0.7533333333333334,0.060888888888888895,1,glucose,2021-07-20,GC047,Single KO
∆his,0.878888888888889,0.06888888888888887,1,glucose,2021-07-20,GC047,Single KO
∆his,1.0044444444444443,0.07892592592592591,1,glucose,2021-07-20,GC047,Single KO
∆his,1.13,0.08881481481481483,1,glucose,2021-07-20,GC047,Single KO
∆his,1.2555555555555555,0.10196296296296296,1,glucose,2021-07-20,GC047,Single KO
∆his,1.3811111111111112,0.11781481481481482,1,glucose,2021-07-20,GC047,Single KO
∆his,1.5066666666666668,0.1358888888888889,1,glucose,2021-07-20,GC047,Single KO
∆his,1.632222222222222,0.15985185185185186,1,glucose,2021-07-20,GC047,Single KO
∆his,1.7577777777777777,0.18596296296296297,1,glucose,2021-07-20,GC047,Single KO
∆his,1.8833333333333333,0.2169259259259259,1,glucose,2021-07-20,GC047,Single KO
∆his,2.008888888888889,0.24992592592592594,1,glucose,2021-07-20,GC047,Single KO
∆his,2.1344444444444446,0.2869259259259259,1,glucose,2021-07-20,GC047,Single KO
∆his,2.2600000000000002,0.3258518518518519,1,glucose,2021-07-20,GC047,Single KO
∆his,0.0,0.032,2,glucose,2021-07-20,GC047,Single KO
∆his,0.12555555555555564,0.03585185185185186,2,glucose,2021-07-20,GC047,Single KO
∆his,0.25111111111111084,0.039888888888888877,2,glucose,2021-07-20,GC047,Single KO
∆his,0.3766666666666665,0.044740740740740734,2,glucose,2021-07-20,GC047,Single KO
∆his,0.5022222222222221,0.05,2,glucose,2021-07-20,GC047,Single KO
∆his,0.6277777777777778,0.05581481481481482,2,glucose,2021-07-20,GC047,Single KO
∆his,0.7533333333333334,0.06388888888888887,2,glucose,2021-07-20,GC047,Single KO
∆his,0.878888888888889,0.07288888888888888,2,glucose,2021-07-20,GC047,Single KO
∆his,1.0044444444444443,0.08392592592592592,2,glucose,2021-07-20,GC047,Single KO
∆his,1.13,0.09581481481481481,2,glucose,2021-07-20,GC047,Single KO
∆his,1.2555555555555555,0.11096296296296297,2,glucose,2021-07-20,GC047,Single KO
∆his,1.3811111111111112,0.1258148148148148,2,glucose,2021-07-20,GC047,Single KO
∆his,1.5066666666666668,0.1448888888888889,2,glucose,2021-07-20,GC047,Single KO
∆his,1.632222222222222,0.16685185185185186,2,glucose,2021-07-20,GC047,Single KO
∆his,1.7577777777777777,0.19196296296296297,2,glucose,2021-07-20,GC047,Single KO
∆his,1.8833333333333333,0.2199259259259259,2,glucose,2021-07-20,GC047,Single KO
∆his,2.008888888888889,0.25292592592592594,2,glucose,2021-07-20,GC047,Single KO
∆his,2.1344444444444446,0.2879259259259259,2,glucose,2021-07-20,GC047,Single KO
∆his,2.2600000000000002,0.3268518518518519,2,glucose,2021-07-20,GC047,Single KO
∆his,0.0,0.032,3,glucose,2021-07-20,GC047,Single KO
∆his,0.12555555555555564,0.03585185185185186,3,glucose,2021-07-20,GC047,Single KO
∆his,0.25111111111111084,0.039888888888888877,3,glucose,2021-07-20,GC047,Single KO
∆his,0.3766666666666665,0.044740740740740734,3,glucose,2021-07-20,GC047,Single KO
∆his,0.5022222222222221,0.051000000000000004,3,glucose,2021-07-20,GC047,Single KO
∆his,0.6277777777777778,0.05781481481481482,3,glucose,2021-07-20,GC047,Single KO
∆his,0.7533333333333334,0.06488888888888887,3,glucose,2021-07-20,GC047,Single KO
∆his,0.878888888888889,0.07388888888888888,3,glucose,2021-07-20,GC047,Single KO
∆his,1.0044444444444443,0.08492592592592592,3,glucose,2021-07-20,GC047,Single KO
∆his,1.13,0.09681481481481481,3,glucose,2021-07-20,GC047,Single KO
∆his,1.2555555555555555,0.11096296296296297,3,glucose,2021-07-20,GC047,Single KO
∆his,1.3811111111111112,0.1268148148148148,3,glucose,2021-07-20,GC047,Single KO
∆his,1.5066666666666668,0.1448888888888889,3,glucose,2021-07-20,GC047,Single KO
∆his,1.632222222222222,0.16585185185185186,3,glucose,2021-07-20,GC047,Single KO
∆his,1.7577777777777777,0.18996296296296297,3,glucose,2021-07-20,GC047,Single KO
∆his,1.8833333333333333,0.2169259259259259,3,glucose,2021-07-20,GC047,Single KO
∆his,2.008888888888889,0.24592592592592594,3,glucose,2021-07-20,GC047,Single KO
∆his,2.1344444444444446,0.2799259259259259,3,glucose,2021-07-20,GC047,Single KO
∆his,2.2600000000000002,0.3168518518518519,3,glucose,2021-07-20,GC047,Single KO
∆mal,0.0,0.03185185185185185,1,glucose,2021-07-20,GC032,Single KO
∆mal,0.1255555555555552,0.03588888888888889,1,glucose,2021-07-20,GC032,Single KO
∆mal,0.25111111111111084,0.04074074074074073,1,glucose,2021-07-20,GC032,Single KO
∆mal,0.3766666666666665,0.046,1,glucose,2021-07-20,GC032,Single KO
∆mal,0.5022222222222221,0.051814814814814814,1,glucose,2021-07-20,GC032,Single KO
∆mal,0.6277777777777778,0.059888888888888894,1,glucose,2021-07-20,GC032,Single KO
∆mal,0.7533333333333334,0.06788888888888887,1,glucose,2021-07-20,GC032,Single KO
∆mal,0.8788888888888886,0.07992592592592591,1,glucose,2021-07-20,GC032,Single KO
∆mal,1.0044444444444443,0.08881481481481483,1,glucose,2021-07-20,GC032,Single KO
∆mal,1.13,0.10196296296296296,1,glucose,2021-07-20,GC032,Single KO
∆mal,1.2555555555555555,0.11681481481481482,1,glucose,2021-07-20,GC032,Single KO
∆mal,1.3811111111111112,0.1348888888888889,1,glucose,2021-07-20,GC032,Single KO
∆mal,1.5066666666666664,0.15485185185185185,1,glucose,2021-07-20,GC032,Single KO
∆mal,1.632222222222222,0.17696296296296296,1,glucose,2021-07-20,GC032,Single KO
∆mal,1.7577777777777777,0.2029259259259259,1,glucose,2021-07-20,GC032,Single KO
∆mal,1.8833333333333333,0.23292592592592593,1,glucose,2021-07-20,GC032,Single KO
∆mal,2.008888888888889,0.2669259259259259,1,glucose,2021-07-20,GC032,Single KO
∆mal,2.1344444444444446,0.3038518518518519,1,glucose,2021-07-20,GC032,Single KO
∆mal,2.2600000000000002,0.34385185185185185,1,glucose,2021-07-20,GC032,Single KO
∆mal,0.0,0.03,2,glucose,2021-07-20,GC032,Single KO
∆mal,0.12555555555555564,0.033851851851851855,2,glucose,2021-07-20,GC032,Single KO
∆mal,0.25111111111111084,0.03788888888888889,2,glucose,2021-07-20,GC032,Single KO
∆mal,0.3766666666666665,0.04274074074074073,2,glucose,2021-07-20,GC032,Single KO
∆mal,0.5022222222222221,0.048,2,glucose,2021-07-20,GC032,Single KO
∆mal,0.6277777777777778,0.053814814814814815,2,glucose,2021-07-20,GC032,Single KO
∆mal,0.7533333333333334,0.06188888888888887,2,glucose,2021-07-20,GC032,Single KO
∆mal,0.878888888888889,0.07088888888888888,2,glucose,2021-07-20,GC032,Single KO
∆mal,1.0044444444444443,0.08192592592592592,2,glucose,2021-07-20,GC032,Single KO
∆mal,1.13,0.09281481481481481,2,glucose,2021-07-20,GC032,Single KO
∆mal,1.2555555555555555,0.10696296296296297,2,glucose,2021-07-20,GC032,Single KO
∆mal,1.3811111111111112,0.12281481481481482,2,glucose,2021-07-20,GC032,Single KO
∆mal,1.5066666666666668,0.1408888888888889,2,glucose,2021-07-20,GC032,Single KO
∆mal,1.632222222222222,0.16185185185185186,2,glucose,2021-07-20,GC032,Single KO
∆mal,1.7577777777777777,0.18496296296296297,2,glucose,2021-07-20,GC032,Single KO
∆mal,1.8833333333333333,0.2119259259259259,2,glucose,2021-07-20,GC032,Single KO
∆mal,2.008888888888889,0.24292592592592593,2,glucose,2021-07-20,GC032,Single KO
∆mal,2.1344444444444446,0.2779259259259259,2,glucose,2021-07-20,GC032,Single KO
∆mal,2.2600000000000002,0.3158518518518519,2,glucose,2021-07-20,GC032,Single KO
∆mal,0.0,0.032925925925925914,3,glucose,2021-07-20,GC032,Single KO
∆mal,0.12555555555555542,0.035962962962962974,3,glucose,2021-07-20,GC032,Single KO
∆mal,0.25111111111111106,0.037000000000000005,3,glucose,2021-07-20,GC032,Single KO
∆mal,0.3766666666666667,0.04185185185185185,3,glucose,2021-07-20,GC032,Single KO
∆mal,0.5022222222222219,0.04488888888888888,3,glucose,2021-07-20,GC032,Single KO
∆mal,0.6277777777777775,0.05074074074074074,3,glucose,2021-07-20,GC032,Single KO
∆mal,0.7533333333333332,0.049,3,glucose,2021-07-20,GC032,Single KO
∆mal,0.8788888888888888,0.06081481481481482,3,glucose,2021-07-20,GC032,Single KO
∆mal,1.0044444444444445,0.06888888888888887,3,glucose,2021-07-20,GC032,Single KO
∆mal,1.1300000000000001,0.07788888888888888,3,glucose,2021-07-20,GC032,Single KO
∆mal,1.2555555555555553,0.08792592592592592,3,glucose,2021-07-20,GC032,Single KO
∆mal,1.381111111111111,0.09681481481481481,3,glucose,2021-07-20,GC032,Single KO
∆mal,1.5066666666666666,0.11296296296296297,3,glucose,2021-07-20,GC032,Single KO
∆mal,1.6322222222222222,0.1248148148148148,3,glucose,2021-07-20,GC032,Single KO
∆mal,1.7577777777777779,0.1418888888888889,3,glucose,2021-07-20,GC032,Single KO
∆mal,1.883333333333333,0.16385185185185186,3,glucose,2021-07-20,GC032,Single KO
∆mal,2.0088888888888885,0.18596296296296297,3,glucose,2021-07-20,GC032,Single KO
∆mal,2.134444444444444,0.2129259259259259,3,glucose,2021-07-20,GC032,Single KO
∆mal,2.26,0.24392592592592593,3,glucose,2021-07-20,GC032,Single KO
∆mal,2.3855555555555554,0.2809259259259259,3,glucose,2021-07-20,GC032,Single KO
∆mal,2.511111111111111,0.3188518518518519,3,glucose,2021-07-20,GC032,Single KO
∆mgl,0.0,0.033925925925925915,1,glucose,2021-07-20,GC055,Single KO
∆mgl,0.12555555555555564,0.03781481481481483,1,glucose,2021-07-20,GC055,Single KO
∆mgl,0.2511111111111113,0.04296296296296297,1,glucose,2021-07-20,GC055,Single KO
∆mgl,0.3766666666666669,0.04881481481481481,1,glucose,2021-07-20,GC055,Single KO
∆mgl,0.5022222222222226,0.05588888888888889,1,glucose,2021-07-20,GC055,Single KO
∆mgl,0.6277777777777778,0.06385185185185184,1,glucose,2021-07-20,GC055,Single KO
∆mgl,0.7533333333333334,0.07196296296296295,1,glucose,2021-07-20,GC055,Single KO
∆mgl,0.878888888888889,0.08392592592592592,1,glucose,2021-07-20,GC055,Single KO
∆mgl,1.0044444444444447,0.0989259259259259,1,glucose,2021-07-20,GC055,Single KO
∆mgl,1.1300000000000003,0.11692592592592592,1,glucose,2021-07-20,GC055,Single KO
∆mgl,1.255555555555556,0.13585185185185183,1,glucose,2021-07-20,GC055,Single KO
∆mgl,1.3811111111111116,0.16485185185185186,1,glucose,2021-07-20,GC055,Single KO
∆mgl,1.5066666666666664,0.17981481481481482,1,glucose,2021-07-20,GC055,Single KO
∆mgl,1.632222222222222,0.182,1,glucose,2021-07-20,GC055,Single KO
∆mgl,1.7577777777777777,0.189962962962963,1,glucose,2021-07-20,GC055,Single KO
∆mgl,1.8833333333333333,0.21496296296296297,1,glucose,2021-07-20,GC055,Single KO
∆mgl,2.008888888888889,0.24474074074074076,1,glucose,2021-07-20,GC055,Single KO
∆mgl,2.1344444444444446,0.2749259259259259,1,glucose,2021-07-20,GC055,Single KO
∆mgl,2.2600000000000002,0.3128888888888889,1,glucose,2021-07-20,GC055,Single KO
∆mgl,2.385555555555556,0.34977777777777774,1,glucose,2021-07-20,GC055,Single KO
∆mgl,0.0,0.030888888888888882,2,glucose,2021-07-20,GC055,Single KO
∆mgl,0.12555555555555564,0.034888888888888886,2,glucose,2021-07-20,GC055,Single KO
∆mgl,0.25111111111111084,0.038925925925925906,2,glucose,2021-07-20,GC055,Single KO
∆mgl,0.3766666666666665,0.04281481481481482,2,glucose,2021-07-20,GC055,Single KO
∆mgl,0.5022222222222221,0.04796296296296297,2,glucose,2021-07-20,GC055,Single KO
∆mgl,0.6277777777777778,0.053814814814814815,2,glucose,2021-07-20,GC055,Single KO
∆mgl,0.7533333333333334,0.060888888888888895,2,glucose,2021-07-20,GC055,Single KO
∆mgl,0.8788888888888886,0.06885185185185184,2,glucose,2021-07-20,GC055,Single KO
∆mgl,1.0044444444444443,0.07796296296296296,2,glucose,2021-07-20,GC055,Single KO
∆mgl,1.13,0.08892592592592592,2,glucose,2021-07-20,GC055,Single KO
∆mgl,1.2555555555555555,0.10392592592592591,2,glucose,2021-07-20,GC055,Single KO
∆mgl,1.3811111111111112,0.12292592592592592,2,glucose,2021-07-20,GC055,Single KO
∆mgl,1.5066666666666668,0.13985185185185184,2,glucose,2021-07-20,GC055,Single KO
∆mgl,1.6322222222222225,0.16385185185185186,2,glucose,2021-07-20,GC055,Single KO
∆mgl,1.7577777777777772,0.1718148148148148,2,glucose,2021-07-20,GC055,Single KO
∆mgl,1.8833333333333329,0.185,2,glucose,2021-07-20,GC055,Single KO
∆mgl,2.0088888888888885,0.200962962962963,2,glucose,2021-07-20,GC055,Single KO
∆mgl,2.134444444444444,0.23096296296296298,2,glucose,2021-07-20,GC055,Single KO
∆mgl,2.26,0.2657407407407407,2,glucose,2021-07-20,GC055,Single KO
∆mgl,2.3855555555555554,0.2969259259259259,2,glucose,2021-07-20,GC055,Single KO
∆mgl,2.511111111111111,0.33388888888888885,2,glucose,2021-07-20,GC055,Single KO
∆mgl,0.0,0.032888888888888884,3,glucose,2021-07-20,GC055,Single KO
∆mgl,0.1255555555555552,0.03692592592592592,3,glucose,2021-07-20,GC055,Single KO
∆mgl,0.25111111111111084,0.04081481481481482,3,glucose,2021-07-20,GC055,Single KO
∆mgl,0.3766666666666665,0.04696296296296297,3,glucose,2021-07-20,GC055,Single KO
∆mgl,0.5022222222222221,0.052814814814814814,3,glucose,2021-07-20,GC055,Single KO
∆mgl,0.6277777777777778,0.059888888888888894,3,glucose,2021-07-20,GC055,Single KO
∆mgl,0.753333333333333,0.06785185185185184,3,glucose,2021-07-20,GC055,Single KO
∆mgl,0.8788888888888886,0.07696296296296296,3,glucose,2021-07-20,GC055,Single KO
∆mgl,1.0044444444444443,0.08892592592592592,3,glucose,2021-07-20,GC055,Single KO
∆mgl,1.13,0.10392592592592591,3,glucose,2021-07-20,GC055,Single KO
∆mgl,1.2555555555555555,0.12392592592592593,3,glucose,2021-07-20,GC055,Single KO
∆mgl,1.3811111111111112,0.14285185185185184,3,glucose,2021-07-20,GC055,Single KO
∆mgl,1.5066666666666668,0.16085185185185186,3,glucose,2021-07-20,GC055,Single KO
∆mgl,1.6322222222222216,0.1668148148148148,3,glucose,2021-07-20,GC055,Single KO
∆mgl,1.7577777777777772,0.179,3,glucose,2021-07-20,GC055,Single KO
∆mgl,1.8833333333333329,0.20296296296296296,3,glucose,2021-07-20,GC055,Single KO
∆mgl,2.0088888888888885,0.23596296296296299,3,glucose,2021-07-20,GC055,Single KO
∆mgl,2.134444444444444,0.2707407407407407,3,glucose,2021-07-20,GC055,Single KO
∆mgl,2.26,0.30292592592592593,3,glucose,2021-07-20,GC055,Single KO
∆mgl,2.3855555555555554,0.34488888888888886,3,glucose,2021-07-20,GC055,Single KO
∆nmp,0.0,0.033777777777777795,1,glucose,2021-07-20,GC052,Single KO
∆nmp,0.12555555555555564,0.03692592592592592,1,glucose,2021-07-20,GC052,Single KO
∆nmp,0.25111111111111106,0.041962962962962966,1,glucose,2021-07-20,GC052,Single KO
∆nmp,0.3766666666666667,0.047,1,glucose,2021-07-20,GC052,Single KO
∆nmp,0.5022222222222223,0.05385185185185186,1,glucose,2021-07-20,GC052,Single KO
∆nmp,0.6277777777777775,0.059888888888888894,1,glucose,2021-07-20,GC052,Single KO
∆nmp,0.7533333333333332,0.06774074074074073,1,glucose,2021-07-20,GC052,Single KO
∆nmp,0.8788888888888888,0.077,1,glucose,2021-07-20,GC052,Single KO
∆nmp,1.0044444444444445,0.08681481481481482,1,glucose,2021-07-20,GC052,Single KO
∆nmp,1.1300000000000001,0.09788888888888887,1,glucose,2021-07-20,GC052,Single KO
∆nmp,1.2555555555555558,0.11188888888888888,1,glucose,2021-07-20,GC052,Single KO
∆nmp,1.381111111111111,0.1269259259259259,1,glucose,2021-07-20,GC052,Single KO
∆nmp,1.5066666666666666,0.14481481481481484,1,glucose,2021-07-20,GC052,Single KO
∆nmp,1.6322222222222222,0.16396296296296298,1,glucose,2021-07-20,GC052,Single KO
∆nmp,1.7577777777777779,0.18781481481481482,1,glucose,2021-07-20,GC052,Single KO
∆nmp,1.8833333333333335,0.21188888888888885,1,glucose,2021-07-20,GC052,Single KO
∆nmp,2.0088888888888885,0.24085185185185187,1,glucose,2021-07-20,GC052,Single KO
∆nmp,2.134444444444444,0.27296296296296296,1,glucose,2021-07-20,GC052,Single KO
∆nmp,2.26,0.30992592592592594,1,glucose,2021-07-20,GC052,Single KO
∆nmp,2.3855555555555554,0.3489259259259259,1,glucose,2021-07-20,GC052,Single KO
∆nmp,0.0,0.030888888888888882,2,glucose,2021-07-20,GC052,Single KO
∆nmp,0.12555555555555564,0.033777777777777795,2,glucose,2021-07-20,GC052,Single KO
∆nmp,0.2511111111111113,0.03792592592592592,2,glucose,2021-07-20,GC052,Single KO
∆nmp,0.3766666666666667,0.04296296296296297,2,glucose,2021-07-20,GC052,Single KO
∆nmp,0.5022222222222223,0.049,2,glucose,2021-07-20,GC052,Single KO
∆nmp,0.627777777777778,0.05485185185185186,2,glucose,2021-07-20,GC052,Single KO
∆nmp,0.7533333333333332,0.06188888888888887,2,glucose,2021-07-20,GC052,Single KO
∆nmp,0.8788888888888888,0.06974074074074073,2,glucose,2021-07-20,GC052,Single KO
∆nmp,1.0044444444444445,0.079,2,glucose,2021-07-20,GC052,Single KO
∆nmp,1.1300000000000001,0.08881481481481482,2,glucose,2021-07-20,GC052,Single KO
∆nmp,1.2555555555555558,0.10088888888888888,2,glucose,2021-07-20,GC052,Single KO
∆nmp,1.3811111111111114,0.11488888888888889,2,glucose,2021-07-20,GC052,Single KO
∆nmp,1.5066666666666666,0.1309259259259259,2,glucose,2021-07-20,GC052,Single KO
∆nmp,1.6322222222222222,0.14881481481481484,2,glucose,2021-07-20,GC052,Single KO
∆nmp,1.7577777777777779,0.16996296296296298,2,glucose,2021-07-20,GC052,Single KO
∆nmp,1.8833333333333335,0.19381481481481483,2,glucose,2021-07-20,GC052,Single KO
∆nmp,2.0088888888888894,0.21988888888888886,2,glucose,2021-07-20,GC052,Single KO
∆nmp,2.134444444444444,0.24985185185185188,2,glucose,2021-07-20,GC052,Single KO
∆nmp,2.26,0.28196296296296297,2,glucose,2021-07-20,GC052,Single KO
∆nmp,2.3855555555555554,0.31892592592592595,2,glucose,2021-07-20,GC052,Single KO
∆nmp,0.0,0.03188888888888888,3,glucose,2021-07-20,GC052,Single KO
∆nmp,0.12555555555555564,0.034777777777777796,3,glucose,2021-07-20,GC052,Single KO
∆nmp,0.2511111111111113,0.038925925925925906,3,glucose,2021-07-20,GC052,Single KO
∆nmp,0.3766666666666667,0.04396296296296297,3,glucose,2021-07-20,GC052,Single KO
∆nmp,0.5022222222222223,0.049,3,glucose,2021-07-20,GC052,Single KO
∆nmp,0.627777777777778,0.05485185185185186,3,glucose,2021-07-20,GC052,Single KO
∆nmp,0.7533333333333332,0.06288888888888887,3,glucose,2021-07-20,GC052,Single KO
∆nmp,0.8788888888888888,0.07074074074074073,3,glucose,2021-07-20,GC052,Single KO
∆nmp,1.0044444444444445,0.08,3,glucose,2021-07-20,GC052,Single KO
∆nmp,1.1300000000000001,0.09081481481481482,3,glucose,2021-07-20,GC052,Single KO
∆nmp,1.2555555555555558,0.10288888888888888,3,glucose,2021-07-20,GC052,Single KO
∆nmp,1.3811111111111114,0.11688888888888889,3,glucose,2021-07-20,GC052,Single KO
∆nmp,1.5066666666666666,0.1349259259259259,3,glucose,2021-07-20,GC052,Single KO
∆nmp,1.6322222222222222,0.15281481481481485,3,glucose,2021-07-20,GC052,Single KO
∆nmp,1.7577777777777779,0.17396296296296299,3,glucose,2021-07-20,GC052,Single KO
∆nmp,1.8833333333333335,0.19781481481481483,3,glucose,2021-07-20,GC052,Single KO
∆nmp,2.0088888888888894,0.22488888888888886,3,glucose,2021-07-20,GC052,Single KO
∆nmp,2.134444444444444,0.2558518518518519,3,glucose,2021-07-20,GC052,Single KO
∆nmp,2.26,0.289962962962963,3,glucose,2021-07-20,GC052,Single KO
∆nmp,2.3855555555555554,0.3279259259259259,3,glucose,2021-07-20,GC052,Single KO
∆opp,0.0,0.030888888888888882,1,glucose,2021-07-20,GC053,Single KO
∆opp,0.12555555555555564,0.033888888888888885,1,glucose,2021-07-20,GC053,Single KO
∆opp,0.25111111111111084,0.03692592592592592,1,glucose,2021-07-20,GC053,Single KO
∆opp,0.3766666666666665,0.04081481481481482,1,glucose,2021-07-20,GC053,Single KO
∆opp,0.5022222222222221,0.04596296296296297,1,glucose,2021-07-20,GC053,Single KO
∆opp,0.6277777777777778,0.05081481481481481,1,glucose,2021-07-20,GC053,Single KO
∆opp,0.7533333333333334,0.05688888888888889,1,glucose,2021-07-20,GC053,Single KO
∆opp,0.8788888888888886,0.06285185185185184,1,glucose,2021-07-20,GC053,Single KO
∆opp,1.0044444444444443,0.06996296296296295,1,glucose,2021-07-20,GC053,Single KO
∆opp,1.13,0.07892592592592591,1,glucose,2021-07-20,GC053,Single KO
∆opp,1.2555555555555555,0.08892592592592592,1,glucose,2021-07-20,GC053,Single KO
∆opp,1.3811111111111112,0.0999259259259259,1,glucose,2021-07-20,GC053,Single KO
∆opp,1.5066666666666668,0.11485185185185186,1,glucose,2021-07-20,GC053,Single KO
∆opp,1.6322222222222225,0.12585185185185183,1,glucose,2021-07-20,GC053,Single KO
∆opp,1.7577777777777772,0.14781481481481484,1,glucose,2021-07-20,GC053,Single KO
∆opp,1.8833333333333329,0.16599999999999998,1,glucose,2021-07-20,GC053,Single KO
∆opp,2.0088888888888885,0.196962962962963,1,glucose,2021-07-20,GC053,Single KO
∆opp,2.134444444444444,0.22496296296296298,1,glucose,2021-07-20,GC053,Single KO
∆opp,2.26,0.25774074074074077,1,glucose,2021-07-20,GC053,Single KO
∆opp,2.3855555555555554,0.2829259259259259,1,glucose,2021-07-20,GC053,Single KO
∆opp,2.511111111111111,0.33188888888888884,1,glucose,2021-07-20,GC053,Single KO
∆opp,0.0,0.032888888888888884,2,glucose,2021-07-20,GC053,Single KO
∆opp,0.12555555555555564,0.03588888888888889,2,glucose,2021-07-20,GC053,Single KO
∆opp,0.25111111111111084,0.039925925925925906,2,glucose,2021-07-20,GC053,Single KO
∆opp,0.3766666666666665,0.04381481481481482,2,glucose,2021-07-20,GC053,Single KO
∆opp,0.5022222222222221,0.04896296296296297,2,glucose,2021-07-20,GC053,Single KO
∆opp,0.6277777777777778,0.053814814814814815,2,glucose,2021-07-20,GC053,Single KO
∆opp,0.7533333333333334,0.059888888888888894,2,glucose,2021-07-20,GC053,Single KO
∆opp,0.8788888888888886,0.06585185185185184,2,glucose,2021-07-20,GC053,Single KO
∆opp,1.0044444444444443,0.07296296296296295,2,glucose,2021-07-20,GC053,Single KO
∆opp,1.13,0.08192592592592592,2,glucose,2021-07-20,GC053,Single KO
∆opp,1.2555555555555555,0.09192592592592592,2,glucose,2021-07-20,GC053,Single KO
∆opp,1.3811111111111112,0.1029259259259259,2,glucose,2021-07-20,GC053,Single KO
∆opp,1.5066666666666668,0.11685185185185186,2,glucose,2021-07-20,GC053,Single KO
∆opp,1.6322222222222225,0.12985185185185183,2,glucose,2021-07-20,GC053,Single KO
∆opp,1.7577777777777772,0.15281481481481485,2,glucose,2021-07-20,GC053,Single KO
∆opp,1.8833333333333329,0.17099999999999999,2,glucose,2021-07-20,GC053,Single KO
∆opp,2.0088888888888885,0.198962962962963,2,glucose,2021-07-20,GC053,Single KO
∆opp,2.134444444444444,0.22396296296296297,2,glucose,2021-07-20,GC053,Single KO
∆opp,2.26,0.25074074074074076,2,glucose,2021-07-20,GC053,Single KO
∆opp,2.3855555555555554,0.2779259259259259,2,glucose,2021-07-20,GC053,Single KO
∆opp,2.511111111111111,0.3088888888888889,2,glucose,2021-07-20,GC053,Single KO
∆opp,2.6366666666666667,0.34977777777777774,2,glucose,2021-07-20,GC053,Single KO
∆opp,0.0,0.030888888888888882,3,glucose,2021-07-20,GC053,Single KO
∆opp,0.12555555555555564,0.033888888888888885,3,glucose,2021-07-20,GC053,Single KO
∆opp,0.25111111111111084,0.03792592592592592,3,glucose,2021-07-20,GC053,Single KO
∆opp,0.3766666666666665,0.04181481481481482,3,glucose,2021-07-20,GC053,Single KO
∆opp,0.5022222222222221,0.04696296296296297,3,glucose,2021-07-20,GC053,Single KO
∆opp,0.6277777777777778,0.051814814814814814,3,glucose,2021-07-20,GC053,Single KO
∆opp,0.7533333333333334,0.05788888888888889,3,glucose,2021-07-20,GC053,Single KO
∆opp,0.8788888888888886,0.06485185185185184,3,glucose,2021-07-20,GC053,Single KO
∆opp,1.0044444444444443,0.07196296296296295,3,glucose,2021-07-20,GC053,Single KO
∆opp,1.13,0.07992592592592591,3,glucose,2021-07-20,GC053,Single KO
∆opp,1.2555555555555555,0.09092592592592592,3,glucose,2021-07-20,GC053,Single KO
∆opp,1.3811111111111112,0.1019259259259259,3,glucose,2021-07-20,GC053,Single KO
∆opp,1.5066666666666668,0.11485185185185186,3,glucose,2021-07-20,GC053,Single KO
∆opp,1.6322222222222225,0.12785185185185183,3,glucose,2021-07-20,GC053,Single KO
∆opp,1.7577777777777772,0.14581481481481484,3,glucose,2021-07-20,GC053,Single KO
∆opp,1.8833333333333329,0.16299999999999998,3,glucose,2021-07-20,GC053,Single KO
∆opp,2.0088888888888885,0.185962962962963,3,glucose,2021-07-20,GC053,Single KO
∆opp,2.134444444444444,0.20696296296296296,3,glucose,2021-07-20,GC053,Single KO
∆opp,2.26,0.23174074074074075,3,glucose,2021-07-20,GC053,Single KO
∆opp,2.3855555555555554,0.25492592592592594,3,glucose,2021-07-20,GC053,Single KO
∆opp,2.511111111111111,0.28488888888888886,3,glucose,2021-07-20,GC053,Single KO
∆opp,2.6366666666666667,0.31477777777777777,3,glucose,2021-07-20,GC053,Single KO
∆opp,2.7622222222222224,0.3398148148148148,3,glucose,2021-07-20,GC053,Single KO
∆pot,0.0,0.03374074074074074,1,glucose,2021-07-20,GC049,Single KO
∆pot,0.12555555555555564,0.037000000000000005,1,glucose,2021-07-20,GC049,Single KO
∆pot,0.2511111111111113,0.041814814814814805,1,glucose,2021-07-20,GC049,Single KO
∆pot,0.3766666666666669,0.047888888888888884,1,glucose,2021-07-20,GC049,Single KO
∆pot,0.5022222222222226,0.05488888888888889,1,glucose,2021-07-20,GC049,Single KO
∆pot,0.6277777777777778,0.0619259259259259,1,glucose,2021-07-20,GC049,Single KO
∆pot,0.7533333333333334,0.07181481481481482,1,glucose,2021-07-20,GC049,Single KO
∆pot,0.878888888888889,0.08096296296296297,1,glucose,2021-07-20,GC049,Single KO
∆pot,1.0044444444444447,0.0928148148148148,1,glucose,2021-07-20,GC049,Single KO
∆pot,1.1300000000000003,0.10588888888888888,1,glucose,2021-07-20,GC049,Single KO
∆pot,1.2555555555555555,0.12185185185185186,1,glucose,2021-07-20,GC049,Single KO
∆pot,1.3811111111111112,0.14096296296296296,1,glucose,2021-07-20,GC049,Single KO
∆pot,1.5066666666666668,0.15992592592592592,1,glucose,2021-07-20,GC049,Single KO
∆pot,1.6322222222222225,0.18392592592592594,1,glucose,2021-07-20,GC049,Single KO
∆pot,1.757777777777778,0.2109259259259259,1,glucose,2021-07-20,GC049,Single KO
∆pot,1.8833333333333337,0.24185185185185187,1,glucose,2021-07-20,GC049,Single KO
∆pot,2.0088888888888894,0.27685185185185185,1,glucose,2021-07-20,GC049,Single KO
∆pot,2.134444444444444,0.3138148148148148,1,glucose,2021-07-20,GC049,Single KO
∆pot,0.0,0.03374074074074074,2,glucose,2021-07-20,GC049,Single KO
∆pot,0.12555555555555564,0.037000000000000005,2,glucose,2021-07-20,GC049,Single KO
∆pot,0.2511111111111113,0.042814814814814806,2,glucose,2021-07-20,GC049,Single KO
∆pot,0.3766666666666669,0.048888888888888885,2,glucose,2021-07-20,GC049,Single KO
∆pot,0.5022222222222226,0.05588888888888889,2,glucose,2021-07-20,GC049,Single KO
∆pot,0.6277777777777778,0.0649259259259259,2,glucose,2021-07-20,GC049,Single KO
∆pot,0.7533333333333334,0.07381481481481482,2,glucose,2021-07-20,GC049,Single KO
∆pot,0.878888888888889,0.08496296296296298,2,glucose,2021-07-20,GC049,Single KO
∆pot,1.0044444444444447,0.0978148148148148,2,glucose,2021-07-20,GC049,Single KO
∆pot,1.1300000000000003,0.11288888888888889,2,glucose,2021-07-20,GC049,Single KO
∆pot,1.2555555555555555,0.12885185185185183,2,glucose,2021-07-20,GC049,Single KO
∆pot,1.3811111111111112,0.14796296296296296,2,glucose,2021-07-20,GC049,Single KO
∆pot,1.5066666666666668,0.16892592592592592,2,glucose,2021-07-20,GC049,Single KO
∆pot,1.6322222222222225,0.19292592592592595,2,glucose,2021-07-20,GC049,Single KO
∆pot,1.757777777777778,0.22092592592592591,2,glucose,2021-07-20,GC049,Single KO
∆pot,1.8833333333333337,0.2528518518518519,2,glucose,2021-07-20,GC049,Single KO
∆pot,2.0088888888888894,0.28785185185185186,2,glucose,2021-07-20,GC049,Single KO
∆pot,2.134444444444444,0.32681481481481484,2,glucose,2021-07-20,GC049,Single KO
∆pot,0.0,0.032888888888888884,3,glucose,2021-07-20,GC049,Single KO
∆pot,0.12555555555555564,0.03674074074074074,3,glucose,2021-07-20,GC049,Single KO
∆pot,0.2511111111111113,0.040999999999999995,3,glucose,2021-07-20,GC049,Single KO
∆pot,0.3766666666666669,0.04581481481481481,3,glucose,2021-07-20,GC049,Single KO
∆pot,0.5022222222222226,0.05288888888888889,3,glucose,2021-07-20,GC049,Single KO
∆pot,0.6277777777777782,0.059888888888888894,3,glucose,2021-07-20,GC049,Single KO
∆pot,0.7533333333333334,0.0679259259259259,3,glucose,2021-07-20,GC049,Single KO
∆pot,0.878888888888889,0.07781481481481482,3,glucose,2021-07-20,GC049,Single KO
∆pot,1.0044444444444447,0.08796296296296298,3,glucose,2021-07-20,GC049,Single KO
∆pot,1.1300000000000003,0.1008148148148148,3,glucose,2021-07-20,GC049,Single KO
∆pot,1.255555555555556,0.11588888888888889,3,glucose,2021-07-20,GC049,Single KO
∆pot,1.3811111111111112,0.13185185185185183,3,glucose,2021-07-20,GC049,Single KO
∆pot,1.5066666666666668,0.15196296296296297,3,glucose,2021-07-20,GC049,Single KO
∆pot,1.6322222222222225,0.17292592592592593,3,glucose,2021-07-20,GC049,Single KO
∆pot,1.757777777777778,0.19792592592592595,3,glucose,2021-07-20,GC049,Single KO
∆pot,1.8833333333333337,0.22692592592592592,3,glucose,2021-07-20,GC049,Single KO
∆pot,2.0088888888888894,0.2588518518518519,3,glucose,2021-07-20,GC049,Single KO
∆pot,2.134444444444445,0.29385185185185186,3,glucose,2021-07-20,GC049,Single KO
∆pot,2.26,0.3328148148148148,3,glucose,2021-07-20,GC049,Single KO
∆rbs,0.0,0.03196296296296297,1,glucose,2021-07-20,GC050,Single KO
∆rbs,0.12555555555555564,0.036000000000000004,1,glucose,2021-07-20,GC050,Single KO
∆rbs,0.2511111111111113,0.04085185185185185,1,glucose,2021-07-20,GC050,Single KO
∆rbs,0.3766666666666665,0.04488888888888888,1,glucose,2021-07-20,GC050,Single KO
∆rbs,0.5022222222222221,0.04974074074074074,1,glucose,2021-07-20,GC050,Single KO
∆rbs,0.6277777777777778,0.05600000000000001,1,glucose,2021-07-20,GC050,Single KO
∆rbs,0.7533333333333334,0.0638148148148148,1,glucose,2021-07-20,GC050,Single KO
∆rbs,0.878888888888889,0.07088888888888888,1,glucose,2021-07-20,GC050,Single KO
∆rbs,1.0044444444444447,0.07988888888888888,1,glucose,2021-07-20,GC050,Single KO
∆rbs,1.13,0.08992592592592592,1,glucose,2021-07-20,GC050,Single KO
∆rbs,1.2555555555555555,0.10281481481481482,1,glucose,2021-07-20,GC050,Single KO
∆rbs,1.3811111111111112,0.11696296296296298,1,glucose,2021-07-20,GC050,Single KO
∆rbs,1.5066666666666668,0.1338148148148148,1,glucose,2021-07-20,GC050,Single KO
∆rbs,1.6322222222222225,0.15688888888888886,1,glucose,2021-07-20,GC050,Single KO
∆rbs,1.7577777777777777,0.18885185185185188,1,glucose,2021-07-20,GC050,Single KO
∆rbs,1.8833333333333333,0.22596296296296295,1,glucose,2021-07-20,GC050,Single KO
∆rbs,2.008888888888889,0.23992592592592593,1,glucose,2021-07-20,GC050,Single KO
∆rbs,2.1344444444444446,0.29992592592592593,1,glucose,2021-07-20,GC050,Single KO
∆rbs,2.2600000000000002,0.3369259259259259,1,glucose,2021-07-20,GC050,Single KO
∆rbs,0.0,0.034,2,glucose,2021-07-20,GC050,Single KO
∆rbs,0.12555555555555564,0.03785185185185186,2,glucose,2021-07-20,GC050,Single KO
∆rbs,0.25111111111111084,0.04388888888888888,2,glucose,2021-07-20,GC050,Single KO
∆rbs,0.3766666666666665,0.04874074074074074,2,glucose,2021-07-20,GC050,Single KO
∆rbs,0.5022222222222221,0.05500000000000001,2,glucose,2021-07-20,GC050,Single KO
∆rbs,0.6277777777777778,0.0628148148148148,2,glucose,2021-07-20,GC050,Single KO
∆rbs,0.7533333333333334,0.06988888888888888,2,glucose,2021-07-20,GC050,Single KO
∆rbs,0.878888888888889,0.07988888888888888,2,glucose,2021-07-20,GC050,Single KO
∆rbs,1.0044444444444443,0.09192592592592592,2,glucose,2021-07-20,GC050,Single KO
∆rbs,1.13,0.10581481481481482,2,glucose,2021-07-20,GC050,Single KO
∆rbs,1.2555555555555555,0.12196296296296298,2,glucose,2021-07-20,GC050,Single KO
∆rbs,1.3811111111111112,0.1408148148148148,2,glucose,2021-07-20,GC050,Single KO
∆rbs,1.5066666666666668,0.16688888888888886,2,glucose,2021-07-20,GC050,Single KO
∆rbs,1.632222222222222,0.1998518518518519,2,glucose,2021-07-20,GC050,Single KO
∆rbs,1.7577777777777777,0.23196296296296295,2,glucose,2021-07-20,GC050,Single KO
∆rbs,1.8833333333333333,0.24892592592592594,2,glucose,2021-07-20,GC050,Single KO
∆rbs,2.008888888888889,0.2929259259259259,2,glucose,2021-07-20,GC050,Single KO
∆rbs,2.1344444444444446,0.32092592592592595,2,glucose,2021-07-20,GC050,Single KO
∆rbs,2.2600000000000002,0.34885185185185186,2,glucose,2021-07-20,GC050,Single KO
∆rbs,0.0,0.03096296296296297,3,glucose,2021-07-20,GC050,Single KO
∆rbs,0.12555555555555564,0.035,3,glucose,2021-07-20,GC050,Single KO
∆rbs,0.2511111111111113,0.03985185185185185,3,glucose,2021-07-20,GC050,Single KO
∆rbs,0.3766666666666665,0.04488888888888888,3,glucose,2021-07-20,GC050,Single KO
∆rbs,0.5022222222222221,0.05074074074074074,3,glucose,2021-07-20,GC050,Single KO
∆rbs,0.6277777777777778,0.05700000000000001,3,glucose,2021-07-20,GC050,Single KO
∆rbs,0.7533333333333334,0.0638148148148148,3,glucose,2021-07-20,GC050,Single KO
∆rbs,0.878888888888889,0.07188888888888888,3,glucose,2021-07-20,GC050,Single KO
∆rbs,1.0044444444444447,0.08188888888888889,3,glucose,2021-07-20,GC050,Single KO
∆rbs,1.13,0.09192592592592592,3,glucose,2021-07-20,GC050,Single KO
∆rbs,1.2555555555555555,0.10381481481481482,3,glucose,2021-07-20,GC050,Single KO
∆rbs,1.3811111111111112,0.11796296296296298,3,glucose,2021-07-20,GC050,Single KO
∆rbs,1.5066666666666668,0.1348148148148148,3,glucose,2021-07-20,GC050,Single KO
∆rbs,1.6322222222222225,0.15588888888888885,3,glucose,2021-07-20,GC050,Single KO
∆rbs,1.7577777777777777,0.18585185185185188,3,glucose,2021-07-20,GC050,Single KO
∆rbs,1.8833333333333333,0.21496296296296294,3,glucose,2021-07-20,GC050,Single KO
∆rbs,2.008888888888889,0.23692592592592593,3,glucose,2021-07-20,GC050,Single KO
∆rbs,2.1344444444444446,0.2699259259259259,3,glucose,2021-07-20,GC050,Single KO
∆rbs,2.2600000000000002,0.29892592592592593,3,glucose,2021-07-20,GC050,Single KO
∆rbs,2.385555555555556,0.3218518518518519,3,glucose,2021-07-20,GC050,Single KO
