growth_medium,high,low,percentile,replicate,strain
acetate,0.5498110249999887,0.513531450000001,95.0,hyperparameter,WT
acetate,0.5392821250000001,0.5226213749999999,75.0,hyperparameter,WT
acetate,0.53529625,0.526304,50.0,hyperparameter,WT
acetate,0.532780875,0.528691875,25.0,hyperparameter,WT
acetate,0.5315478000000007,0.5298511000000001,5.0,hyperparameter,WT
acetate,0.5498110249999887,0.513531450000001,95.0,0,WT
acetate,0.5392821250000001,0.5226213749999999,75.0,0,WT
acetate,0.53529625,0.526304,50.0,0,WT
acetate,0.532780875,0.528691875,25.0,0,WT
acetate,0.5315478000000007,0.5298511000000001,5.0,0,WT
acetate,0.5498110249999887,0.513531450000001,95.0,1,WT
acetate,0.5392821250000001,0.5226213749999999,75.0,1,WT
acetate,0.53529625,0.526304,50.0,1,WT
acetate,0.532780875,0.528691875,25.0,1,WT
acetate,0.5315478000000007,0.5298511000000001,5.0,1,WT
acetate,0.5498110249999887,0.513531450000001,95.0,2,WT
acetate,0.5392821250000001,0.5226213749999999,75.0,2,WT
acetate,0.53529625,0.526304,50.0,2,WT
acetate,0.532780875,0.528691875,25.0,2,WT
acetate,0.5315478000000007,0.5298511000000001,5.0,2,WT
acetate,0.5498110249999887,0.513531450000001,95.0,3,WT
acetate,0.5392821250000001,0.5226213749999999,75.0,3,WT
acetate,0.53529625,0.526304,50.0,3,WT
acetate,0.532780875,0.528691875,25.0,3,WT
acetate,0.5315478000000007,0.5298511000000001,5.0,3,WT
acetate,0.5498110249999887,0.513531450000001,95.0,4,WT
acetate,0.5392821250000001,0.5226213749999999,75.0,4,WT
acetate,0.53529625,0.526304,50.0,4,WT
acetate,0.532780875,0.528691875,25.0,4,WT
acetate,0.5315478000000007,0.5298511000000001,5.0,4,WT
acetate,0.6280590499999923,0.5505741000000003,95.0,hyperparameter,∆dpp
acetate,0.6062915,0.57175625,75.0,hyperparameter,∆dpp
acetate,0.598168,0.57959725,50.0,hyperparameter,∆dpp
acetate,0.5929369999999999,0.5843968749999999,25.0,hyperparameter,∆dpp
acetate,0.5902536000000015,0.586978000000001,5.0,hyperparameter,∆dpp
acetate,0.6280590499999923,0.5505741000000003,95.0,0,∆dpp
acetate,0.6062915,0.57175625,75.0,0,∆dpp
acetate,0.598168,0.57959725,50.0,0,∆dpp
acetate,0.5929369999999999,0.5843968749999999,25.0,0,∆dpp
acetate,0.5902536000000015,0.586978000000001,5.0,0,∆dpp
acetate,0.6280590499999923,0.5505741000000003,95.0,1,∆dpp
acetate,0.6062915,0.57175625,75.0,1,∆dpp
acetate,0.598168,0.57959725,50.0,1,∆dpp
acetate,0.5929369999999999,0.5843968749999999,25.0,1,∆dpp
acetate,0.5902536000000015,0.586978000000001,5.0,1,∆dpp
acetate,0.6280590499999923,0.5505741000000003,95.0,2,∆dpp
acetate,0.6062915,0.57175625,75.0,2,∆dpp
acetate,0.598168,0.57959725,50.0,2,∆dpp
acetate,0.5929369999999999,0.5843968749999999,25.0,2,∆dpp
acetate,0.5902536000000015,0.586978000000001,5.0,2,∆dpp
acetate,0.6280590499999923,0.5505741000000003,95.0,3,∆dpp
acetate,0.6062915,0.57175625,75.0,3,∆dpp
acetate,0.598168,0.57959725,50.0,3,∆dpp
acetate,0.5929369999999999,0.5843968749999999,25.0,3,∆dpp
acetate,0.5902536000000015,0.586978000000001,5.0,3,∆dpp
acetate,0.6280590499999923,0.5505741000000003,95.0,4,∆dpp
acetate,0.6062915,0.57175625,75.0,4,∆dpp
acetate,0.598168,0.57959725,50.0,4,∆dpp
acetate,0.5929369999999999,0.5843968749999999,25.0,4,∆dpp
acetate,0.5902536000000015,0.586978000000001,5.0,4,∆dpp
acetate,1.0417722500000013,0.3259059750000001,95.0,hyperparameter,∆dpp ∆glt
acetate,0.6730553749999999,0.49925512499999997,75.0,hyperparameter,∆dpp ∆glt
acetate,0.59199475,0.5509475,50.0,hyperparameter,∆dpp ∆glt
acetate,0.576047,0.563820875,25.0,hyperparameter,∆dpp ∆glt
acetate,0.5714183500000001,0.56710655,5.0,hyperparameter,∆dpp ∆glt
acetate,1.0417722500000013,0.3259059750000001,95.0,0,∆dpp ∆glt
acetate,0.6730553749999999,0.49925512499999997,75.0,0,∆dpp ∆glt
acetate,0.59199475,0.5509475,50.0,0,∆dpp ∆glt
acetate,0.576047,0.563820875,25.0,0,∆dpp ∆glt
acetate,0.5714183500000001,0.56710655,5.0,0,∆dpp ∆glt
acetate,1.0417722500000013,0.3259059750000001,95.0,1,∆dpp ∆glt
acetate,0.6730553749999999,0.49925512499999997,75.0,1,∆dpp ∆glt
acetate,0.59199475,0.5509475,50.0,1,∆dpp ∆glt
acetate,0.576047,0.563820875,25.0,1,∆dpp ∆glt
acetate,0.5714183500000001,0.56710655,5.0,1,∆dpp ∆glt
acetate,2.2387057500000247,0.12226697500000021,95.0,hyperparameter,∆dpp ∆rbs
acetate,1.1008499999999999,0.28829,75.0,hyperparameter,∆dpp ∆rbs
acetate,0.7372019999999999,0.40277025,50.0,hyperparameter,∆dpp ∆rbs
acetate,0.59504375,0.455337375,25.0,hyperparameter,∆dpp ∆rbs
acetate,0.5400694500000005,0.48357454999999994,5.0,hyperparameter,∆dpp ∆rbs
acetate,2.2387057500000247,0.12226697500000021,95.0,0,∆dpp ∆rbs
acetate,1.1008499999999999,0.28829,75.0,0,∆dpp ∆rbs
acetate,0.7372019999999999,0.40277025,50.0,0,∆dpp ∆rbs
acetate,0.59504375,0.455337375,25.0,0,∆dpp ∆rbs
acetate,0.5400694500000005,0.48357454999999994,5.0,0,∆dpp ∆rbs
acetate,2.2387057500000247,0.12226697500000021,95.0,1,∆dpp ∆rbs
acetate,1.1008499999999999,0.28829,75.0,1,∆dpp ∆rbs
acetate,0.7372019999999999,0.40277025,50.0,1,∆dpp ∆rbs
acetate,0.59504375,0.455337375,25.0,1,∆dpp ∆rbs
acetate,0.5400694500000005,0.48357454999999994,5.0,1,∆dpp ∆rbs
acetate,0.47492027499999523,0.44684782500000025,95.0,hyperparameter,∆flh
acetate,0.46767875,0.45490525,75.0,hyperparameter,∆flh
acetate,0.46430925,0.45758475,50.0,hyperparameter,∆flh
acetate,0.462405375,0.459329625,25.0,hyperparameter,∆flh
acetate,0.4614801500000013,0.46031355000000007,5.0,hyperparameter,∆flh
acetate,0.47492027499999523,0.44684782500000025,95.0,0,∆flh
acetate,0.46767875,0.45490525,75.0,0,∆flh
acetate,0.46430925,0.45758475,50.0,0,∆flh
acetate,0.462405375,0.459329625,25.0,0,∆flh
acetate,0.4614801500000013,0.46031355000000007,5.0,0,∆flh
acetate,0.47492027499999523,0.44684782500000025,95.0,1,∆flh
acetate,0.46767875,0.45490525,75.0,1,∆flh
acetate,0.46430925,0.45758475,50.0,1,∆flh
acetate,0.462405375,0.459329625,25.0,1,∆flh
acetate,0.4614801500000013,0.46031355000000007,5.0,1,∆flh
acetate,0.47492027499999523,0.44684782500000025,95.0,2,∆flh
acetate,0.46767875,0.45490525,75.0,2,∆flh
acetate,0.46430925,0.45758475,50.0,2,∆flh
acetate,0.462405375,0.459329625,25.0,2,∆flh
acetate,0.4614801500000013,0.46031355000000007,5.0,2,∆flh
acetate,0.47492027499999523,0.44684782500000025,95.0,3,∆flh
acetate,0.46767875,0.45490525,75.0,3,∆flh
acetate,0.46430925,0.45758475,50.0,3,∆flh
acetate,0.462405375,0.459329625,25.0,3,∆flh
acetate,0.4614801500000013,0.46031355000000007,5.0,3,∆flh
acetate,0.47492027499999523,0.44684782500000025,95.0,4,∆flh
acetate,0.46767875,0.45490525,75.0,4,∆flh
acetate,0.46430925,0.45758475,50.0,4,∆flh
acetate,0.462405375,0.459329625,25.0,4,∆flh
acetate,0.4614801500000013,0.46031355000000007,5.0,4,∆flh
acetate,1.0774925000000024,0.117655975,95.0,hyperparameter,∆flh ∆glt
acetate,0.580751125,0.36470912499999997,75.0,hyperparameter,∆flh ∆glt
acetate,0.51355025,0.46263225,50.0,hyperparameter,∆flh ∆glt
acetate,0.499195875,0.488274375,25.0,hyperparameter,∆flh ∆glt
acetate,0.4958659000000001,0.4919113,5.0,hyperparameter,∆flh ∆glt
acetate,1.0774925000000024,0.117655975,95.0,0,∆flh ∆glt
acetate,0.580751125,0.36470912499999997,75.0,0,∆flh ∆glt
acetate,0.51355025,0.46263225,50.0,0,∆flh ∆glt
acetate,0.499195875,0.488274375,25.0,0,∆flh ∆glt
acetate,0.4958659000000001,0.4919113,5.0,0,∆flh ∆glt
acetate,1.0774925000000024,0.117655975,95.0,1,∆flh ∆glt
acetate,0.580751125,0.36470912499999997,75.0,1,∆flh ∆glt
acetate,0.51355025,0.46263225,50.0,1,∆flh ∆glt
acetate,0.499195875,0.488274375,25.0,1,∆flh ∆glt
acetate,0.4958659000000001,0.4919113,5.0,1,∆flh ∆glt
acetate,0.9855695250000001,0.12671465000000004,95.0,hyperparameter,∆flh ∆rbs
acetate,0.57237475,0.36577075,75.0,hyperparameter,∆flh ∆rbs
acetate,0.497405,0.44504900000000003,50.0,hyperparameter,∆flh ∆rbs
acetate,0.480972375,0.467084,25.0,hyperparameter,∆flh ∆rbs
acetate,0.47684545,0.47197885,5.0,hyperparameter,∆flh ∆rbs
acetate,0.9855695250000001,0.12671465000000004,95.0,0,∆flh ∆rbs
acetate,0.57237475,0.36577075,75.0,0,∆flh ∆rbs
acetate,0.497405,0.44504900000000003,50.0,0,∆flh ∆rbs
acetate,0.480972375,0.467084,25.0,0,∆flh ∆rbs
acetate,0.47684545,0.47197885,5.0,0,∆flh ∆rbs
acetate,0.9855695250000001,0.12671465000000004,95.0,1,∆flh ∆rbs
acetate,0.57237475,0.36577075,75.0,1,∆flh ∆rbs
acetate,0.497405,0.44504900000000003,50.0,1,∆flh ∆rbs
acetate,0.480972375,0.467084,25.0,1,∆flh ∆rbs
acetate,0.47684545,0.47197885,5.0,1,∆flh ∆rbs
acetate,0.7257020749999624,0.48402115000000345,95.0,hyperparameter,∆glt
acetate,0.660980875,0.5616985,75.0,hyperparameter,∆glt
acetate,0.63860725,0.58548275,50.0,hyperparameter,∆glt
acetate,0.62420875,0.599944125,25.0,hyperparameter,∆glt
acetate,0.616609200000003,0.6068039000000008,5.0,hyperparameter,∆glt
acetate,0.7257020749999624,0.48402115000000345,95.0,0,∆glt
acetate,0.660980875,0.5616985,75.0,0,∆glt
acetate,0.63860725,0.58548275,50.0,0,∆glt
acetate,0.62420875,0.599944125,25.0,0,∆glt
acetate,0.616609200000003,0.6068039000000008,5.0,0,∆glt
acetate,0.7257020749999624,0.48402115000000345,95.0,1,∆glt
acetate,0.660980875,0.5616985,75.0,1,∆glt
acetate,0.63860725,0.58548275,50.0,1,∆glt
acetate,0.62420875,0.599944125,25.0,1,∆glt
acetate,0.616609200000003,0.6068039000000008,5.0,1,∆glt
acetate,0.7257020749999624,0.48402115000000345,95.0,2,∆glt
acetate,0.660980875,0.5616985,75.0,2,∆glt
acetate,0.63860725,0.58548275,50.0,2,∆glt
acetate,0.62420875,0.599944125,25.0,2,∆glt
acetate,0.616609200000003,0.6068039000000008,5.0,2,∆glt
acetate,0.7257020749999624,0.48402115000000345,95.0,3,∆glt
acetate,0.660980875,0.5616985,75.0,3,∆glt
acetate,0.63860725,0.58548275,50.0,3,∆glt
acetate,0.62420875,0.599944125,25.0,3,∆glt
acetate,0.616609200000003,0.6068039000000008,5.0,3,∆glt
acetate,0.7257020749999624,0.48402115000000345,95.0,4,∆glt
acetate,0.660980875,0.5616985,75.0,4,∆glt
acetate,0.63860725,0.58548275,50.0,4,∆glt
acetate,0.62420875,0.599944125,25.0,4,∆glt
acetate,0.616609200000003,0.6068039000000008,5.0,4,∆glt
acetate,0.5741890999999996,0.5226946000000001,95.0,hyperparameter,∆his
acetate,0.5596292500000001,0.5368526250000001,75.0,hyperparameter,∆his
acetate,0.55431,0.5420339999999999,50.0,hyperparameter,∆his
acetate,0.550854,0.545407625,25.0,hyperparameter,∆his
acetate,0.5492086000000015,0.5469782000000002,5.0,hyperparameter,∆his
acetate,0.5741890999999996,0.5226946000000001,95.0,0,∆his
acetate,0.5596292500000001,0.5368526250000001,75.0,0,∆his
acetate,0.55431,0.5420339999999999,50.0,0,∆his
acetate,0.550854,0.545407625,25.0,0,∆his
acetate,0.5492086000000015,0.5469782000000002,5.0,0,∆his
acetate,0.5741890999999996,0.5226946000000001,95.0,1,∆his
acetate,0.5596292500000001,0.5368526250000001,75.0,1,∆his
acetate,0.55431,0.5420339999999999,50.0,1,∆his
acetate,0.550854,0.545407625,25.0,1,∆his
acetate,0.5492086000000015,0.5469782000000002,5.0,1,∆his
acetate,0.5741890999999996,0.5226946000000001,95.0,2,∆his
acetate,0.5596292500000001,0.5368526250000001,75.0,2,∆his
acetate,0.55431,0.5420339999999999,50.0,2,∆his
acetate,0.550854,0.545407625,25.0,2,∆his
acetate,0.5492086000000015,0.5469782000000002,5.0,2,∆his
acetate,0.5741890999999996,0.5226946000000001,95.0,3,∆his
acetate,0.5596292500000001,0.5368526250000001,75.0,3,∆his
acetate,0.55431,0.5420339999999999,50.0,3,∆his
acetate,0.550854,0.545407625,25.0,3,∆his
acetate,0.5492086000000015,0.5469782000000002,5.0,3,∆his
acetate,0.5741890999999996,0.5226946000000001,95.0,4,∆his
acetate,0.5596292500000001,0.5368526250000001,75.0,4,∆his
acetate,0.55431,0.5420339999999999,50.0,4,∆his
acetate,0.550854,0.545407625,25.0,4,∆his
acetate,0.5492086000000015,0.5469782000000002,5.0,4,∆his
acetate,1.0689897500000012,0.013910925,95.0,hyperparameter,∆his ∆glt
acetate,0.71224325,0.1923215,75.0,hyperparameter,∆his ∆glt
acetate,0.56828575,0.42180925,50.0,hyperparameter,∆his ∆glt
acetate,0.5343212500000001,0.504766125,25.0,hyperparameter,∆his ∆glt
acetate,0.5280922499999999,0.51979285,5.0,hyperparameter,∆his ∆glt
acetate,1.0689897500000012,0.013910925,95.0,0,∆his ∆glt
acetate,0.71224325,0.1923215,75.0,0,∆his ∆glt
acetate,0.56828575,0.42180925,50.0,0,∆his ∆glt
acetate,0.5343212500000001,0.504766125,25.0,0,∆his ∆glt
acetate,0.5280922499999999,0.51979285,5.0,0,∆his ∆glt
acetate,1.0689897500000012,0.013910925,95.0,1,∆his ∆glt
acetate,0.71224325,0.1923215,75.0,1,∆his ∆glt
acetate,0.56828575,0.42180925,50.0,1,∆his ∆glt
acetate,0.5343212500000001,0.504766125,25.0,1,∆his ∆glt
acetate,0.5280922499999999,0.51979285,5.0,1,∆his ∆glt
acetate,0.5945723249999988,0.5303560250000007,95.0,hyperparameter,∆mal
acetate,0.57779375,0.54903475,75.0,hyperparameter,∆mal
acetate,0.57099225,0.555493,50.0,hyperparameter,∆mal
acetate,0.566708875,0.559854,25.0,hyperparameter,∆mal
acetate,0.564663950000002,0.5620082000000002,5.0,hyperparameter,∆mal
acetate,0.5945723249999988,0.5303560250000007,95.0,0,∆mal
acetate,0.57779375,0.54903475,75.0,0,∆mal
acetate,0.57099225,0.555493,50.0,0,∆mal
acetate,0.566708875,0.559854,25.0,0,∆mal
acetate,0.564663950000002,0.5620082000000002,5.0,0,∆mal
acetate,0.5945723249999988,0.5303560250000007,95.0,1,∆mal
acetate,0.57779375,0.54903475,75.0,1,∆mal
acetate,0.57099225,0.555493,50.0,1,∆mal
acetate,0.566708875,0.559854,25.0,1,∆mal
acetate,0.564663950000002,0.5620082000000002,5.0,1,∆mal
acetate,0.5945723249999988,0.5303560250000007,95.0,2,∆mal
acetate,0.57779375,0.54903475,75.0,2,∆mal
acetate,0.57099225,0.555493,50.0,2,∆mal
acetate,0.566708875,0.559854,25.0,2,∆mal
acetate,0.564663950000002,0.5620082000000002,5.0,2,∆mal
acetate,0.5945723249999988,0.5303560250000007,95.0,3,∆mal
acetate,0.57779375,0.54903475,75.0,3,∆mal
acetate,0.57099225,0.555493,50.0,3,∆mal
acetate,0.566708875,0.559854,25.0,3,∆mal
acetate,0.564663950000002,0.5620082000000002,5.0,3,∆mal
acetate,0.5945723249999988,0.5303560250000007,95.0,4,∆mal
acetate,0.57779375,0.54903475,75.0,4,∆mal
acetate,0.57099225,0.555493,50.0,4,∆mal
acetate,0.566708875,0.559854,25.0,4,∆mal
acetate,0.564663950000002,0.5620082000000002,5.0,4,∆mal
acetate,1.1299812500000013,0.11087690000000008,95.0,hyperparameter,∆mal ∆glt
acetate,0.72417675,0.37108874999999997,75.0,hyperparameter,∆mal ∆glt
acetate,0.6125112500000001,0.51981575,50.0,hyperparameter,∆mal ∆glt
acetate,0.5859865,0.56058025,25.0,hyperparameter,∆mal ∆glt
acetate,0.5782454500000002,0.56941835,5.0,hyperparameter,∆mal ∆glt
acetate,1.1299812500000013,0.11087690000000008,95.0,0,∆mal ∆glt
acetate,0.72417675,0.37108874999999997,75.0,0,∆mal ∆glt
acetate,0.6125112500000001,0.51981575,50.0,0,∆mal ∆glt
acetate,0.5859865,0.56058025,25.0,0,∆mal ∆glt
acetate,0.5782454500000002,0.56941835,5.0,0,∆mal ∆glt
acetate,1.1299812500000013,0.11087690000000008,95.0,1,∆mal ∆glt
acetate,0.72417675,0.37108874999999997,75.0,1,∆mal ∆glt
acetate,0.6125112500000001,0.51981575,50.0,1,∆mal ∆glt
acetate,0.5859865,0.56058025,25.0,1,∆mal ∆glt
acetate,0.5782454500000002,0.56941835,5.0,1,∆mal ∆glt
acetate,0.6433296999999975,0.5630947250000004,95.0,hyperparameter,∆mgl
acetate,0.617421875,0.581747625,75.0,hyperparameter,∆mgl
acetate,0.6092975,0.5895477499999999,50.0,hyperparameter,∆mgl
acetate,0.6039319999999999,0.594517875,25.0,hyperparameter,∆mgl
acetate,0.6009262500000047,0.5972413000000003,5.0,hyperparameter,∆mgl
acetate,0.6433296999999975,0.5630947250000004,95.0,0,∆mgl
acetate,0.617421875,0.581747625,75.0,0,∆mgl
acetate,0.6092975,0.5895477499999999,50.0,0,∆mgl
acetate,0.6039319999999999,0.594517875,25.0,0,∆mgl
acetate,0.6009262500000047,0.5972413000000003,5.0,0,∆mgl
acetate,0.6433296999999975,0.5630947250000004,95.0,1,∆mgl
acetate,0.617421875,0.581747625,75.0,1,∆mgl
acetate,0.6092975,0.5895477499999999,50.0,1,∆mgl
acetate,0.6039319999999999,0.594517875,25.0,1,∆mgl
acetate,0.6009262500000047,0.5972413000000003,5.0,1,∆mgl
acetate,0.6433296999999975,0.5630947250000004,95.0,2,∆mgl
acetate,0.617421875,0.581747625,75.0,2,∆mgl
acetate,0.6092975,0.5895477499999999,50.0,2,∆mgl
acetate,0.6039319999999999,0.594517875,25.0,2,∆mgl
acetate,0.6009262500000047,0.5972413000000003,5.0,2,∆mgl
acetate,0.6433296999999975,0.5630947250000004,95.0,3,∆mgl
acetate,0.617421875,0.581747625,75.0,3,∆mgl
acetate,0.6092975,0.5895477499999999,50.0,3,∆mgl
acetate,0.6039319999999999,0.594517875,25.0,3,∆mgl
acetate,0.6009262500000047,0.5972413000000003,5.0,3,∆mgl
acetate,0.6433296999999975,0.5630947250000004,95.0,4,∆mgl
acetate,0.617421875,0.581747625,75.0,4,∆mgl
acetate,0.6092975,0.5895477499999999,50.0,4,∆mgl
acetate,0.6039319999999999,0.594517875,25.0,4,∆mgl
acetate,0.6009262500000047,0.5972413000000003,5.0,4,∆mgl
acetate,1.432804750000002,0.103924475,95.0,hyperparameter,∆mgl ∆glt
acetate,0.8598115,0.35019449999999996,75.0,hyperparameter,∆mgl ∆glt
acetate,0.63792075,0.47214325,50.0,hyperparameter,∆mgl ∆glt
acetate,0.569076625,0.51347375,25.0,hyperparameter,∆mgl ∆glt
acetate,0.5490788500000003,0.52999915,5.0,hyperparameter,∆mgl ∆glt
acetate,1.432804750000002,0.103924475,95.0,0,∆mgl ∆glt
acetate,0.8598115,0.35019449999999996,75.0,0,∆mgl ∆glt
acetate,0.63792075,0.47214325,50.0,0,∆mgl ∆glt
acetate,0.569076625,0.51347375,25.0,0,∆mgl ∆glt
acetate,0.5490788500000003,0.52999915,5.0,0,∆mgl ∆glt
acetate,1.432804750000002,0.103924475,95.0,1,∆mgl ∆glt
acetate,0.8598115,0.35019449999999996,75.0,1,∆mgl ∆glt
acetate,0.63792075,0.47214325,50.0,1,∆mgl ∆glt
acetate,0.569076625,0.51347375,25.0,1,∆mgl ∆glt
acetate,0.5490788500000003,0.52999915,5.0,1,∆mgl ∆glt
acetate,0.6196101999998689,0.4499459750000005,95.0,hyperparameter,∆nmp
acetate,0.5760474999999999,0.50496825,75.0,hyperparameter,∆nmp
acetate,0.55859125,0.5223297499999999,50.0,hyperparameter,∆nmp
acetate,0.54895775,0.5325405,25.0,hyperparameter,∆nmp
acetate,0.5443589000000041,0.537420000000001,5.0,hyperparameter,∆nmp
acetate,0.6196101999998689,0.4499459750000005,95.0,0,∆nmp
acetate,0.5760474999999999,0.50496825,75.0,0,∆nmp
acetate,0.55859125,0.5223297499999999,50.0,0,∆nmp
acetate,0.54895775,0.5325405,25.0,0,∆nmp
acetate,0.5443589000000041,0.537420000000001,5.0,0,∆nmp
acetate,0.6196101999998689,0.4499459750000005,95.0,1,∆nmp
acetate,0.5760474999999999,0.50496825,75.0,1,∆nmp
acetate,0.55859125,0.5223297499999999,50.0,1,∆nmp
acetate,0.54895775,0.5325405,25.0,1,∆nmp
acetate,0.5443589000000041,0.537420000000001,5.0,1,∆nmp
acetate,0.6196101999998689,0.4499459750000005,95.0,2,∆nmp
acetate,0.5760474999999999,0.50496825,75.0,2,∆nmp
acetate,0.55859125,0.5223297499999999,50.0,2,∆nmp
acetate,0.54895775,0.5325405,25.0,2,∆nmp
acetate,0.5443589000000041,0.537420000000001,5.0,2,∆nmp
acetate,0.6196101999998689,0.4499459750000005,95.0,3,∆nmp
acetate,0.5760474999999999,0.50496825,75.0,3,∆nmp
acetate,0.55859125,0.5223297499999999,50.0,3,∆nmp
acetate,0.54895775,0.5325405,25.0,3,∆nmp
acetate,0.5443589000000041,0.537420000000001,5.0,3,∆nmp
acetate,0.6196101999998689,0.4499459750000005,95.0,4,∆nmp
acetate,0.5760474999999999,0.50496825,75.0,4,∆nmp
acetate,0.55859125,0.5223297499999999,50.0,4,∆nmp
acetate,0.54895775,0.5325405,25.0,4,∆nmp
acetate,0.5443589000000041,0.537420000000001,5.0,4,∆nmp
acetate,1.8248905000000142,0.3418059000000001,95.0,hyperparameter,∆nmp ∆glt
acetate,1.20710625,0.49855275,75.0,hyperparameter,∆nmp ∆glt
acetate,0.98051775,0.527932,50.0,hyperparameter,∆nmp ∆glt
acetate,0.81444275,0.5453027500000001,25.0,hyperparameter,∆nmp ∆glt
acetate,0.7031503000000009,0.5812528,5.0,hyperparameter,∆nmp ∆glt
acetate,1.8248905000000142,0.3418059000000001,95.0,0,∆nmp ∆glt
acetate,1.20710625,0.49855275,75.0,0,∆nmp ∆glt
acetate,0.98051775,0.527932,50.0,0,∆nmp ∆glt
acetate,0.81444275,0.5453027500000001,25.0,0,∆nmp ∆glt
acetate,0.7031503000000009,0.5812528,5.0,0,∆nmp ∆glt
acetate,1.8248905000000142,0.3418059000000001,95.0,1,∆nmp ∆glt
acetate,1.20710625,0.49855275,75.0,1,∆nmp ∆glt
acetate,0.98051775,0.527932,50.0,1,∆nmp ∆glt
acetate,0.81444275,0.5453027500000001,25.0,1,∆nmp ∆glt
acetate,0.7031503000000009,0.5812528,5.0,1,∆nmp ∆glt
acetate,0.5860270500000019,0.5134812000000001,95.0,hyperparameter,∆opp
acetate,0.562279125,0.53513825,75.0,hyperparameter,∆opp
acetate,0.5556304999999999,0.541352,50.0,hyperparameter,∆opp
acetate,0.551566,0.545205,25.0,hyperparameter,∆opp
acetate,0.549636300000001,0.5471247999999999,5.0,hyperparameter,∆opp
acetate,0.5860270500000019,0.5134812000000001,95.0,0,∆opp
acetate,0.562279125,0.53513825,75.0,0,∆opp
acetate,0.5556304999999999,0.541352,50.0,0,∆opp
acetate,0.551566,0.545205,25.0,0,∆opp
acetate,0.549636300000001,0.5471247999999999,5.0,0,∆opp
acetate,0.5860270500000019,0.5134812000000001,95.0,1,∆opp
acetate,0.562279125,0.53513825,75.0,1,∆opp
acetate,0.5556304999999999,0.541352,50.0,1,∆opp
acetate,0.551566,0.545205,25.0,1,∆opp
acetate,0.549636300000001,0.5471247999999999,5.0,1,∆opp
acetate,0.5860270500000019,0.5134812000000001,95.0,2,∆opp
acetate,0.562279125,0.53513825,75.0,2,∆opp
acetate,0.5556304999999999,0.541352,50.0,2,∆opp
acetate,0.551566,0.545205,25.0,2,∆opp
acetate,0.549636300000001,0.5471247999999999,5.0,2,∆opp
acetate,0.5860270500000019,0.5134812000000001,95.0,3,∆opp
acetate,0.562279125,0.53513825,75.0,3,∆opp
acetate,0.5556304999999999,0.541352,50.0,3,∆opp
acetate,0.551566,0.545205,25.0,3,∆opp
acetate,0.549636300000001,0.5471247999999999,5.0,3,∆opp
acetate,1.4195047500000066,0.2135916500000002,95.0,hyperparameter,∆opp ∆glt
acetate,0.915516375,0.428525625,75.0,hyperparameter,∆opp ∆glt
acetate,0.704057,0.537822,50.0,hyperparameter,∆opp ∆glt
acetate,0.606608875,0.556471375,25.0,hyperparameter,∆opp ∆glt
acetate,0.5829441000000001,0.5659950499999998,5.0,hyperparameter,∆opp ∆glt
acetate,1.4195047500000066,0.2135916500000002,95.0,0,∆opp ∆glt
acetate,0.915516375,0.428525625,75.0,0,∆opp ∆glt
acetate,0.704057,0.537822,50.0,0,∆opp ∆glt
acetate,0.606608875,0.556471375,25.0,0,∆opp ∆glt
acetate,0.5829441000000001,0.5659950499999998,5.0,0,∆opp ∆glt
acetate,1.4195047500000066,0.2135916500000002,95.0,1,∆opp ∆glt
acetate,0.915516375,0.428525625,75.0,1,∆opp ∆glt
acetate,0.704057,0.537822,50.0,1,∆opp ∆glt
acetate,0.606608875,0.556471375,25.0,1,∆opp ∆glt
acetate,0.5829441000000001,0.5659950499999998,5.0,1,∆opp ∆glt
acetate,0.5633407249999972,0.49418712500000045,95.0,hyperparameter,∆pot
acetate,0.5424345,0.512130625,75.0,hyperparameter,∆pot
acetate,0.53464625,0.518438,50.0,hyperparameter,∆pot
acetate,0.530126,0.5228685,25.0,hyperparameter,∆pot
acetate,0.527797250000001,0.5248077500000002,5.0,hyperparameter,∆pot
acetate,0.5633407249999972,0.49418712500000045,95.0,0,∆pot
acetate,0.5424345,0.512130625,75.0,0,∆pot
acetate,0.53464625,0.518438,50.0,0,∆pot
acetate,0.530126,0.5228685,25.0,0,∆pot
acetate,0.527797250000001,0.5248077500000002,5.0,0,∆pot
acetate,0.5633407249999972,0.49418712500000045,95.0,1,∆pot
acetate,0.5424345,0.512130625,75.0,1,∆pot
acetate,0.53464625,0.518438,50.0,1,∆pot
acetate,0.530126,0.5228685,25.0,1,∆pot
acetate,0.527797250000001,0.5248077500000002,5.0,1,∆pot
acetate,0.5633407249999972,0.49418712500000045,95.0,2,∆pot
acetate,0.5424345,0.512130625,75.0,2,∆pot
acetate,0.53464625,0.518438,50.0,2,∆pot
acetate,0.530126,0.5228685,25.0,2,∆pot
acetate,0.527797250000001,0.5248077500000002,5.0,2,∆pot
acetate,0.5633407249999972,0.49418712500000045,95.0,3,∆pot
acetate,0.5424345,0.512130625,75.0,3,∆pot
acetate,0.53464625,0.518438,50.0,3,∆pot
acetate,0.530126,0.5228685,25.0,3,∆pot
acetate,0.527797250000001,0.5248077500000002,5.0,3,∆pot
acetate,0.5633407249999972,0.49418712500000045,95.0,4,∆pot
acetate,0.5424345,0.512130625,75.0,4,∆pot
acetate,0.53464625,0.518438,50.0,4,∆pot
acetate,0.530126,0.5228685,25.0,4,∆pot
acetate,0.527797250000001,0.5248077500000002,5.0,4,∆pot
acetate,0.9126082250000036,0.35337507500000004,95.0,hyperparameter,∆pot ∆glt
acetate,0.644544125,0.49339187500000004,75.0,hyperparameter,∆pot ∆glt
acetate,0.56489775,0.5217470000000001,50.0,hyperparameter,∆pot ∆glt
acetate,0.537193625,0.5260375,25.0,hyperparameter,∆pot ∆glt
acetate,0.53090705,0.5275721,5.0,hyperparameter,∆pot ∆glt
acetate,0.9126082250000036,0.35337507500000004,95.0,0,∆pot ∆glt
acetate,0.644544125,0.49339187500000004,75.0,0,∆pot ∆glt
acetate,0.56489775,0.5217470000000001,50.0,0,∆pot ∆glt
acetate,0.537193625,0.5260375,25.0,0,∆pot ∆glt
acetate,0.53090705,0.5275721,5.0,0,∆pot ∆glt
acetate,0.9126082250000036,0.35337507500000004,95.0,1,∆pot ∆glt
acetate,0.644544125,0.49339187500000004,75.0,1,∆pot ∆glt
acetate,0.56489775,0.5217470000000001,50.0,1,∆pot ∆glt
acetate,0.537193625,0.5260375,25.0,1,∆pot ∆glt
acetate,0.53090705,0.5275721,5.0,1,∆pot ∆glt
acetate,0.4725742499999991,0.4564376750000001,95.0,hyperparameter,∆rbs
acetate,0.46903025,0.460902875,75.0,hyperparameter,∆rbs
acetate,0.4671925,0.46279349999999997,50.0,hyperparameter,∆rbs
acetate,0.466045,0.463926875,25.0,hyperparameter,∆rbs
acetate,0.465392,0.46457420000000016,5.0,hyperparameter,∆rbs
acetate,0.4725742499999991,0.4564376750000001,95.0,0,∆rbs
acetate,0.46903025,0.460902875,75.0,0,∆rbs
acetate,0.4671925,0.46279349999999997,50.0,0,∆rbs
acetate,0.466045,0.463926875,25.0,0,∆rbs
acetate,0.465392,0.46457420000000016,5.0,0,∆rbs
acetate,0.4725742499999991,0.4564376750000001,95.0,1,∆rbs
acetate,0.46903025,0.460902875,75.0,1,∆rbs
acetate,0.4671925,0.46279349999999997,50.0,1,∆rbs
acetate,0.466045,0.463926875,25.0,1,∆rbs
acetate,0.465392,0.46457420000000016,5.0,1,∆rbs
acetate,0.4725742499999991,0.4564376750000001,95.0,2,∆rbs
acetate,0.46903025,0.460902875,75.0,2,∆rbs
acetate,0.4671925,0.46279349999999997,50.0,2,∆rbs
acetate,0.466045,0.463926875,25.0,2,∆rbs
acetate,0.465392,0.46457420000000016,5.0,2,∆rbs
acetate,0.4725742499999991,0.4564376750000001,95.0,3,∆rbs
acetate,0.46903025,0.460902875,75.0,3,∆rbs
acetate,0.4671925,0.46279349999999997,50.0,3,∆rbs
acetate,0.466045,0.463926875,25.0,3,∆rbs
acetate,0.465392,0.46457420000000016,5.0,3,∆rbs
acetate,0.4725742499999991,0.4564376750000001,95.0,4,∆rbs
acetate,0.46903025,0.460902875,75.0,4,∆rbs
acetate,0.4671925,0.46279349999999997,50.0,4,∆rbs
acetate,0.466045,0.463926875,25.0,4,∆rbs
acetate,0.465392,0.46457420000000016,5.0,4,∆rbs
acetate,1.578573500000002,0.18131787500000004,95.0,hyperparameter,∆rbs ∆glt
acetate,0.991628875,0.27364025,75.0,hyperparameter,∆rbs ∆glt
acetate,0.64092,0.35205075,50.0,hyperparameter,∆rbs ∆glt
acetate,0.51478125,0.4067275,25.0,hyperparameter,∆rbs ∆glt
acetate,0.47493190000000113,0.43298315,5.0,hyperparameter,∆rbs ∆glt
acetate,1.578573500000002,0.18131787500000004,95.0,0,∆rbs ∆glt
acetate,0.991628875,0.27364025,75.0,0,∆rbs ∆glt
acetate,0.64092,0.35205075,50.0,0,∆rbs ∆glt
acetate,0.51478125,0.4067275,25.0,0,∆rbs ∆glt
acetate,0.47493190000000113,0.43298315,5.0,0,∆rbs ∆glt
acetate,1.578573500000002,0.18131787500000004,95.0,1,∆rbs ∆glt
acetate,0.991628875,0.27364025,75.0,1,∆rbs ∆glt
acetate,0.64092,0.35205075,50.0,1,∆rbs ∆glt
acetate,0.51478125,0.4067275,25.0,1,∆rbs ∆glt
acetate,0.47493190000000113,0.43298315,5.0,1,∆rbs ∆glt
glucose,1.074483499999987,1.0210177500000006,95.0,hyperparameter,WT
glucose,1.06032625,1.0354287500000001,75.0,hyperparameter,WT
glucose,1.05424,1.0406675,50.0,hyperparameter,WT
glucose,1.05043375,1.04413625,25.0,hyperparameter,WT
glucose,1.0484335000000056,1.0459755000000004,5.0,hyperparameter,WT
glucose,1.074483499999987,1.0210177500000006,95.0,0,WT
glucose,1.06032625,1.0354287500000001,75.0,0,WT
glucose,1.05424,1.0406675,50.0,0,WT
glucose,1.05043375,1.04413625,25.0,0,WT
glucose,1.0484335000000056,1.0459755000000004,5.0,0,WT
glucose,1.074483499999987,1.0210177500000006,95.0,1,WT
glucose,1.06032625,1.0354287500000001,75.0,1,WT
glucose,1.05424,1.0406675,50.0,1,WT
glucose,1.05043375,1.04413625,25.0,1,WT
glucose,1.0484335000000056,1.0459755000000004,5.0,1,WT
glucose,1.074483499999987,1.0210177500000006,95.0,2,WT
glucose,1.06032625,1.0354287500000001,75.0,2,WT
glucose,1.05424,1.0406675,50.0,2,WT
glucose,1.05043375,1.04413625,25.0,2,WT
glucose,1.0484335000000056,1.0459755000000004,5.0,2,WT
glucose,1.074483499999987,1.0210177500000006,95.0,3,WT
glucose,1.06032625,1.0354287500000001,75.0,3,WT
glucose,1.05424,1.0406675,50.0,3,WT
glucose,1.05043375,1.04413625,25.0,3,WT
glucose,1.0484335000000056,1.0459755000000004,5.0,3,WT
glucose,1.074483499999987,1.0210177500000006,95.0,4,WT
glucose,1.06032625,1.0354287500000001,75.0,4,WT
glucose,1.05424,1.0406675,50.0,4,WT
glucose,1.05043375,1.04413625,25.0,4,WT
glucose,1.0484335000000056,1.0459755000000004,5.0,4,WT
glucose,1.1677629999999888,0.9910300250000028,95.0,hyperparameter,∆dpp
glucose,1.11960625,1.04115,75.0,hyperparameter,∆dpp
glucose,1.101895,1.0603175,50.0,hyperparameter,∆dpp
glucose,1.0905274999999999,1.0716474999999999,25.0,hyperparameter,∆dpp
glucose,1.0843690000000037,1.077341000000001,5.0,hyperparameter,∆dpp
glucose,1.1677629999999888,0.9910300250000028,95.0,0,∆dpp
glucose,1.11960625,1.04115,75.0,0,∆dpp
glucose,1.101895,1.0603175,50.0,0,∆dpp
glucose,1.0905274999999999,1.0716474999999999,25.0,0,∆dpp
glucose,1.0843690000000037,1.077341000000001,5.0,0,∆dpp
glucose,1.1677629999999888,0.9910300250000028,95.0,1,∆dpp
glucose,1.11960625,1.04115,75.0,1,∆dpp
glucose,1.101895,1.0603175,50.0,1,∆dpp
glucose,1.0905274999999999,1.0716474999999999,25.0,1,∆dpp
glucose,1.0843690000000037,1.077341000000001,5.0,1,∆dpp
glucose,1.1677629999999888,0.9910300250000028,95.0,2,∆dpp
glucose,1.11960625,1.04115,75.0,2,∆dpp
glucose,1.101895,1.0603175,50.0,2,∆dpp
glucose,1.0905274999999999,1.0716474999999999,25.0,2,∆dpp
glucose,1.0843690000000037,1.077341000000001,5.0,2,∆dpp
glucose,1.1677629999999888,0.9910300250000028,95.0,3,∆dpp
glucose,1.11960625,1.04115,75.0,3,∆dpp
glucose,1.101895,1.0603175,50.0,3,∆dpp
glucose,1.0905274999999999,1.0716474999999999,25.0,3,∆dpp
glucose,1.0843690000000037,1.077341000000001,5.0,3,∆dpp
glucose,1.1677629999999888,0.9910300250000028,95.0,4,∆dpp
glucose,1.11960625,1.04115,75.0,4,∆dpp
glucose,1.101895,1.0603175,50.0,4,∆dpp
glucose,1.0905274999999999,1.0716474999999999,25.0,4,∆dpp
glucose,1.0843690000000037,1.077341000000001,5.0,4,∆dpp
glucose,1.1829185000000078,0.9054835000000051,95.0,hyperparameter,∆flh
glucose,1.1091275,1.0073462499999999,75.0,hyperparameter,∆flh
glucose,1.08363,1.0329675,50.0,hyperparameter,∆flh
glucose,1.06977375,1.0479775,25.0,hyperparameter,∆flh
glucose,1.06332,1.0545254999999998,5.0,hyperparameter,∆flh
glucose,1.1829185000000078,0.9054835000000051,95.0,0,∆flh
glucose,1.1091275,1.0073462499999999,75.0,0,∆flh
glucose,1.08363,1.0329675,50.0,0,∆flh
glucose,1.06977375,1.0479775,25.0,0,∆flh
glucose,1.06332,1.0545254999999998,5.0,0,∆flh
glucose,1.1829185000000078,0.9054835000000051,95.0,1,∆flh
glucose,1.1091275,1.0073462499999999,75.0,1,∆flh
glucose,1.08363,1.0329675,50.0,1,∆flh
glucose,1.06977375,1.0479775,25.0,1,∆flh
glucose,1.06332,1.0545254999999998,5.0,1,∆flh
glucose,1.1829185000000078,0.9054835000000051,95.0,2,∆flh
glucose,1.1091275,1.0073462499999999,75.0,2,∆flh
glucose,1.08363,1.0329675,50.0,2,∆flh
glucose,1.06977375,1.0479775,25.0,2,∆flh
glucose,1.06332,1.0545254999999998,5.0,2,∆flh
glucose,1.1829185000000078,0.9054835000000051,95.0,3,∆flh
glucose,1.1091275,1.0073462499999999,75.0,3,∆flh
glucose,1.08363,1.0329675,50.0,3,∆flh
glucose,1.06977375,1.0479775,25.0,3,∆flh
glucose,1.06332,1.0545254999999998,5.0,3,∆flh
glucose,1.1180844999999833,0.9548017000000008,95.0,hyperparameter,∆glt
glucose,1.0710825,0.9986600000000001,75.0,hyperparameter,∆glt
glucose,1.0550300000000001,1.0161,50.0,hyperparameter,∆glt
glucose,1.04428,1.0267662499999999,25.0,hyperparameter,∆glt
glucose,1.03862,1.03172,5.0,hyperparameter,∆glt
glucose,1.1180844999999833,0.9548017000000008,95.0,0,∆glt
glucose,1.0710825,0.9986600000000001,75.0,0,∆glt
glucose,1.0550300000000001,1.0161,50.0,0,∆glt
glucose,1.04428,1.0267662499999999,25.0,0,∆glt
glucose,1.03862,1.03172,5.0,0,∆glt
glucose,1.1180844999999833,0.9548017000000008,95.0,1,∆glt
glucose,1.0710825,0.9986600000000001,75.0,1,∆glt
glucose,1.0550300000000001,1.0161,50.0,1,∆glt
glucose,1.04428,1.0267662499999999,25.0,1,∆glt
glucose,1.03862,1.03172,5.0,1,∆glt
glucose,1.1180844999999833,0.9548017000000008,95.0,2,∆glt
glucose,1.0710825,0.9986600000000001,75.0,2,∆glt
glucose,1.0550300000000001,1.0161,50.0,2,∆glt
glucose,1.04428,1.0267662499999999,25.0,2,∆glt
glucose,1.03862,1.03172,5.0,2,∆glt
glucose,1.1180844999999833,0.9548017000000008,95.0,3,∆glt
glucose,1.0710825,0.9986600000000001,75.0,3,∆glt
glucose,1.0550300000000001,1.0161,50.0,3,∆glt
glucose,1.04428,1.0267662499999999,25.0,3,∆glt
glucose,1.03862,1.03172,5.0,3,∆glt
glucose,1.1180844999999833,0.9548017000000008,95.0,4,∆glt
glucose,1.0710825,0.9986600000000001,75.0,4,∆glt
glucose,1.0550300000000001,1.0161,50.0,4,∆glt
glucose,1.04428,1.0267662499999999,25.0,4,∆glt
glucose,1.03862,1.03172,5.0,4,∆glt
glucose,1.1288354999999795,0.9949413500000002,95.0,hyperparameter,∆his
glucose,1.0954525,1.034125,75.0,hyperparameter,∆his
glucose,1.0809025,1.047995,50.0,hyperparameter,∆his
glucose,1.0715474999999999,1.0568,25.0,hyperparameter,∆his
glucose,1.0668670000000111,1.06096,5.0,hyperparameter,∆his
glucose,1.1288354999999795,0.9949413500000002,95.0,0,∆his
glucose,1.0954525,1.034125,75.0,0,∆his
glucose,1.0809025,1.047995,50.0,0,∆his
glucose,1.0715474999999999,1.0568,25.0,0,∆his
glucose,1.0668670000000111,1.06096,5.0,0,∆his
glucose,1.1288354999999795,0.9949413500000002,95.0,1,∆his
glucose,1.0954525,1.034125,75.0,1,∆his
glucose,1.0809025,1.047995,50.0,1,∆his
glucose,1.0715474999999999,1.0568,25.0,1,∆his
glucose,1.0668670000000111,1.06096,5.0,1,∆his
glucose,1.1288354999999795,0.9949413500000002,95.0,2,∆his
glucose,1.0954525,1.034125,75.0,2,∆his
glucose,1.0809025,1.047995,50.0,2,∆his
glucose,1.0715474999999999,1.0568,25.0,2,∆his
glucose,1.0668670000000111,1.06096,5.0,2,∆his
glucose,1.1288354999999795,0.9949413500000002,95.0,3,∆his
glucose,1.0954525,1.034125,75.0,3,∆his
glucose,1.0809025,1.047995,50.0,3,∆his
glucose,1.0715474999999999,1.0568,25.0,3,∆his
glucose,1.0668670000000111,1.06096,5.0,3,∆his
glucose,1.1288354999999795,0.9949413500000002,95.0,4,∆his
glucose,1.0954525,1.034125,75.0,4,∆his
glucose,1.0809025,1.047995,50.0,4,∆his
glucose,1.0715474999999999,1.0568,25.0,4,∆his
glucose,1.0668670000000111,1.06096,5.0,4,∆his
glucose,1.1385092499999656,0.8648574000000004,95.0,hyperparameter,∆mal
glucose,1.07646625,0.954571375,75.0,hyperparameter,∆mal
glucose,1.04956,0.985271,50.0,hyperparameter,∆mal
glucose,1.03173,1.00253,25.0,hyperparameter,∆mal
glucose,1.0235490000000036,1.010502000000002,5.0,hyperparameter,∆mal
glucose,1.1385092499999656,0.8648574000000004,95.0,0,∆mal
glucose,1.07646625,0.954571375,75.0,0,∆mal
glucose,1.04956,0.985271,50.0,0,∆mal
glucose,1.03173,1.00253,25.0,0,∆mal
glucose,1.0235490000000036,1.010502000000002,5.0,0,∆mal
glucose,1.1385092499999656,0.8648574000000004,95.0,1,∆mal
glucose,1.07646625,0.954571375,75.0,1,∆mal
glucose,1.04956,0.985271,50.0,1,∆mal
glucose,1.03173,1.00253,25.0,1,∆mal
glucose,1.0235490000000036,1.010502000000002,5.0,1,∆mal
glucose,1.1385092499999656,0.8648574000000004,95.0,2,∆mal
glucose,1.07646625,0.954571375,75.0,2,∆mal
glucose,1.04956,0.985271,50.0,2,∆mal
glucose,1.03173,1.00253,25.0,2,∆mal
glucose,1.0235490000000036,1.010502000000002,5.0,2,∆mal
glucose,1.1385092499999656,0.8648574000000004,95.0,3,∆mal
glucose,1.07646625,0.954571375,75.0,3,∆mal
glucose,1.04956,0.985271,50.0,3,∆mal
glucose,1.03173,1.00253,25.0,3,∆mal
glucose,1.0235490000000036,1.010502000000002,5.0,3,∆mal
glucose,1.1385092499999656,0.8648574000000004,95.0,4,∆mal
glucose,1.07646625,0.954571375,75.0,4,∆mal
glucose,1.04956,0.985271,50.0,4,∆mal
glucose,1.03173,1.00253,25.0,4,∆mal
glucose,1.0235490000000036,1.010502000000002,5.0,4,∆mal
glucose,1.06144074999996,0.9670519250000028,95.0,hyperparameter,∆mgl
glucose,1.03793125,0.992742125,75.0,hyperparameter,∆mgl
glucose,1.0270000000000001,1.00282,50.0,hyperparameter,∆mgl
glucose,1.02073375,1.00943625,25.0,hyperparameter,∆mgl
glucose,1.017014500000002,1.0128765000000015,5.0,hyperparameter,∆mgl
glucose,1.06144074999996,0.9670519250000028,95.0,0,∆mgl
glucose,1.03793125,0.992742125,75.0,0,∆mgl
glucose,1.0270000000000001,1.00282,50.0,0,∆mgl
glucose,1.02073375,1.00943625,25.0,0,∆mgl
glucose,1.017014500000002,1.0128765000000015,5.0,0,∆mgl
glucose,1.06144074999996,0.9670519250000028,95.0,1,∆mgl
glucose,1.03793125,0.992742125,75.0,1,∆mgl
glucose,1.0270000000000001,1.00282,50.0,1,∆mgl
glucose,1.02073375,1.00943625,25.0,1,∆mgl
glucose,1.017014500000002,1.0128765000000015,5.0,1,∆mgl
glucose,1.06144074999996,0.9670519250000028,95.0,2,∆mgl
glucose,1.03793125,0.992742125,75.0,2,∆mgl
glucose,1.0270000000000001,1.00282,50.0,2,∆mgl
glucose,1.02073375,1.00943625,25.0,2,∆mgl
glucose,1.017014500000002,1.0128765000000015,5.0,2,∆mgl
glucose,1.06144074999996,0.9670519250000028,95.0,3,∆mgl
glucose,1.03793125,0.992742125,75.0,3,∆mgl
glucose,1.0270000000000001,1.00282,50.0,3,∆mgl
glucose,1.02073375,1.00943625,25.0,3,∆mgl
glucose,1.017014500000002,1.0128765000000015,5.0,3,∆mgl
glucose,1.06144074999996,0.9670519250000028,95.0,4,∆mgl
glucose,1.03793125,0.992742125,75.0,4,∆mgl
glucose,1.0270000000000001,1.00282,50.0,4,∆mgl
glucose,1.02073375,1.00943625,25.0,4,∆mgl
glucose,1.017014500000002,1.0128765000000015,5.0,4,∆mgl
glucose,1.0755627499999898,0.9704344000000011,95.0,hyperparameter,∆nmp
glucose,1.04709125,1.00045375,75.0,hyperparameter,∆nmp
glucose,1.0368125,1.0116425,50.0,hyperparameter,∆nmp
glucose,1.02957875,1.01808,25.0,hyperparameter,∆nmp
glucose,1.02598,1.0214965000000014,5.0,hyperparameter,∆nmp
glucose,1.0755627499999898,0.9704344000000011,95.0,0,∆nmp
glucose,1.04709125,1.00045375,75.0,0,∆nmp
glucose,1.0368125,1.0116425,50.0,0,∆nmp
glucose,1.02957875,1.01808,25.0,0,∆nmp
glucose,1.02598,1.0214965000000014,5.0,0,∆nmp
glucose,1.0755627499999898,0.9704344000000011,95.0,1,∆nmp
glucose,1.04709125,1.00045375,75.0,1,∆nmp
glucose,1.0368125,1.0116425,50.0,1,∆nmp
glucose,1.02957875,1.01808,25.0,1,∆nmp
glucose,1.02598,1.0214965000000014,5.0,1,∆nmp
glucose,1.0755627499999898,0.9704344000000011,95.0,2,∆nmp
glucose,1.04709125,1.00045375,75.0,2,∆nmp
glucose,1.0368125,1.0116425,50.0,2,∆nmp
glucose,1.02957875,1.01808,25.0,2,∆nmp
glucose,1.02598,1.0214965000000014,5.0,2,∆nmp
glucose,1.0755627499999898,0.9704344000000011,95.0,3,∆nmp
glucose,1.04709125,1.00045375,75.0,3,∆nmp
glucose,1.0368125,1.0116425,50.0,3,∆nmp
glucose,1.02957875,1.01808,25.0,3,∆nmp
glucose,1.02598,1.0214965000000014,5.0,3,∆nmp
glucose,1.0755627499999898,0.9704344000000011,95.0,4,∆nmp
glucose,1.04709125,1.00045375,75.0,4,∆nmp
glucose,1.0368125,1.0116425,50.0,4,∆nmp
glucose,1.02957875,1.01808,25.0,4,∆nmp
glucose,1.02598,1.0214965000000014,5.0,4,∆nmp
glucose,0.9773799249999816,0.8908764750000001,95.0,hyperparameter,∆opp
glucose,0.949840875,0.912953125,75.0,hyperparameter,∆opp
glucose,0.94099325,0.921421,50.0,hyperparameter,∆opp
glucose,0.9355871250000001,0.926299875,25.0,hyperparameter,∆opp
glucose,0.932861,0.9291905000000005,5.0,hyperparameter,∆opp
glucose,0.9773799249999816,0.8908764750000001,95.0,0,∆opp
glucose,0.949840875,0.912953125,75.0,0,∆opp
glucose,0.94099325,0.921421,50.0,0,∆opp
glucose,0.9355871250000001,0.926299875,25.0,0,∆opp
glucose,0.932861,0.9291905000000005,5.0,0,∆opp
glucose,0.9773799249999816,0.8908764750000001,95.0,1,∆opp
glucose,0.949840875,0.912953125,75.0,1,∆opp
glucose,0.94099325,0.921421,50.0,1,∆opp
glucose,0.9355871250000001,0.926299875,25.0,1,∆opp
glucose,0.932861,0.9291905000000005,5.0,1,∆opp
glucose,0.9773799249999816,0.8908764750000001,95.0,2,∆opp
glucose,0.949840875,0.912953125,75.0,2,∆opp
glucose,0.94099325,0.921421,50.0,2,∆opp
glucose,0.9355871250000001,0.926299875,25.0,2,∆opp
glucose,0.932861,0.9291905000000005,5.0,2,∆opp
glucose,0.9773799249999816,0.8908764750000001,95.0,3,∆opp
glucose,0.949840875,0.912953125,75.0,3,∆opp
glucose,0.94099325,0.921421,50.0,3,∆opp
glucose,0.9355871250000001,0.926299875,25.0,3,∆opp
glucose,0.932861,0.9291905000000005,5.0,3,∆opp
glucose,0.9773799249999816,0.8908764750000001,95.0,4,∆opp
glucose,0.949840875,0.912953125,75.0,4,∆opp
glucose,0.94099325,0.921421,50.0,4,∆opp
glucose,0.9355871250000001,0.926299875,25.0,4,∆opp
glucose,0.932861,0.9291905000000005,5.0,4,∆opp
glucose,1.1028817499999937,1.0011897500000024,95.0,hyperparameter,∆pot
glucose,1.0752650000000001,1.0275975000000002,75.0,hyperparameter,∆pot
glucose,1.06409,1.0388674999999998,50.0,hyperparameter,∆pot
glucose,1.0571975,1.04617,25.0,hyperparameter,∆pot
glucose,1.05376,1.04953,5.0,hyperparameter,∆pot
glucose,1.1028817499999937,1.0011897500000024,95.0,0,∆pot
glucose,1.0752650000000001,1.0275975000000002,75.0,0,∆pot
glucose,1.06409,1.0388674999999998,50.0,0,∆pot
glucose,1.0571975,1.04617,25.0,0,∆pot
glucose,1.05376,1.04953,5.0,0,∆pot
glucose,1.1028817499999937,1.0011897500000024,95.0,1,∆pot
glucose,1.0752650000000001,1.0275975000000002,75.0,1,∆pot
glucose,1.06409,1.0388674999999998,50.0,1,∆pot
glucose,1.0571975,1.04617,25.0,1,∆pot
glucose,1.05376,1.04953,5.0,1,∆pot
glucose,1.1028817499999937,1.0011897500000024,95.0,2,∆pot
glucose,1.0752650000000001,1.0275975000000002,75.0,2,∆pot
glucose,1.06409,1.0388674999999998,50.0,2,∆pot
glucose,1.0571975,1.04617,25.0,2,∆pot
glucose,1.05376,1.04953,5.0,2,∆pot
glucose,1.1028817499999937,1.0011897500000024,95.0,3,∆pot
glucose,1.0752650000000001,1.0275975000000002,75.0,3,∆pot
glucose,1.06409,1.0388674999999998,50.0,3,∆pot
glucose,1.0571975,1.04617,25.0,3,∆pot
glucose,1.05376,1.04953,5.0,3,∆pot
glucose,1.1028817499999937,1.0011897500000024,95.0,4,∆pot
glucose,1.0752650000000001,1.0275975000000002,75.0,4,∆pot
glucose,1.06409,1.0388674999999998,50.0,4,∆pot
glucose,1.0571975,1.04617,25.0,4,∆pot
glucose,1.05376,1.04953,5.0,4,∆pot
glucose,1.133553999999985,0.9589695500000007,95.0,hyperparameter,∆rbs
glucose,1.08674,1.0036825,75.0,hyperparameter,∆rbs
glucose,1.068,1.0242325,50.0,hyperparameter,∆rbs
glucose,1.05578,1.0367175,25.0,hyperparameter,∆rbs
glucose,1.0503035000000056,1.04246,5.0,hyperparameter,∆rbs
glucose,1.133553999999985,0.9589695500000007,95.0,0,∆rbs
glucose,1.08674,1.0036825,75.0,0,∆rbs
glucose,1.068,1.0242325,50.0,0,∆rbs
glucose,1.05578,1.0367175,25.0,0,∆rbs
glucose,1.0503035000000056,1.04246,5.0,0,∆rbs
glucose,1.133553999999985,0.9589695500000007,95.0,1,∆rbs
glucose,1.08674,1.0036825,75.0,1,∆rbs
glucose,1.068,1.0242325,50.0,1,∆rbs
glucose,1.05578,1.0367175,25.0,1,∆rbs
glucose,1.0503035000000056,1.04246,5.0,1,∆rbs
glucose,1.133553999999985,0.9589695500000007,95.0,2,∆rbs
glucose,1.08674,1.0036825,75.0,2,∆rbs
glucose,1.068,1.0242325,50.0,2,∆rbs
glucose,1.05578,1.0367175,25.0,2,∆rbs
glucose,1.0503035000000056,1.04246,5.0,2,∆rbs
glucose,1.133553999999985,0.9589695500000007,95.0,3,∆rbs
glucose,1.08674,1.0036825,75.0,3,∆rbs
glucose,1.068,1.0242325,50.0,3,∆rbs
glucose,1.05578,1.0367175,25.0,3,∆rbs
glucose,1.0503035000000056,1.04246,5.0,3,∆rbs
glucose,1.133553999999985,0.9589695500000007,95.0,4,∆rbs
glucose,1.08674,1.0036825,75.0,4,∆rbs
glucose,1.068,1.0242325,50.0,4,∆rbs
glucose,1.05578,1.0367175,25.0,4,∆rbs
glucose,1.0503035000000056,1.04246,5.0,4,∆rbs
